user_id,application_at,prediction
1,2022-06-29 08:08:38.092903,0.2696989
5,2022-04-17 05:32:52.491527,0.31242093
7,2023-01-14 11:40:50.434871,0.40051344
15,2023-10-06 07:16:18.701537,0.26971373
20,2023-03-24 13:27:59.335932,0.22582147
23,2022-07-22 22:22:00.549787,0.13729146
31,2022-06-26 10:52:30.985399,0.50778735
35,2022-05-16 07:09:34.519034,0.34702688
38,2023-06-17 07:51:20.122792,0.39987805
50,2024-12-24 07:21:16.459429,0.46864885
59,2022-08-18 14:31:47.475657,0.44297308
64,2022-10-15 10:05:03.473718,0.42944384
77,2022-07-08 07:00:57.081845,0.2875189
78,2025-02-10 04:23:50.363386,0.278764
82,2022-05-28 18:31:16.572706,0.45462295
93,2022-07-15 06:18:32.366275,0.41164792
95,2023-09-22 09:36:51.702656,0.29205102
99,2022-06-03 16:34:13.232133,0.42990443
104,2022-04-30 04:11:15.038599,0.58778393
111,2022-07-05 10:36:38.809358,0.25370666
119,2024-06-19 07:23:48.095161,0.21520603
125,2022-07-08 05:51:06.614565,0.5296081
138,2022-06-02 12:41:27.201201,0.28615186
144,2024-03-26 11:12:52.137417,0.28849828
146,2022-11-30 06:10:49.540753,0.44501975
156,2022-09-20 07:41:52.248511,0.39776838
157,2023-11-30 19:49:54.772575,0.3429445
165,2022-09-03 10:11:13.136576,0.22280434
172,2024-02-09 12:50:53.285660,0.31287086
173,2024-08-19 05:15:29.490925,0.36959672
186,2025-02-10 17:34:05.762382,0.29991254
188,2022-06-03 10:18:39.781463,0.4620006
191,2022-06-28 04:28:31.703922,0.35551053
193,2022-08-23 05:11:57.620627,0.42935577
197,2022-05-21 15:43:38.808787,0.45443034
199,2022-06-18 12:44:39.086266,0.3548267
201,2022-06-08 05:06:47.028967,0.6517286
202,2022-03-20 06:00:53.720461,0.4890744
208,2022-06-06 07:54:59.946585,0.456276
220,2024-06-30 09:24:04.858832,0.17234957
250,2025-02-03 12:15:53.692675,0.21214399
252,2023-09-21 12:28:53.849759,0.17970723
254,2024-09-14 10:14:55.492348,0.7333187
255,2023-08-05 17:12:10.506777,0.34309706
257,2024-04-20 18:40:58.864390,0.30426258
260,2024-11-05 13:55:49.551374,0.2248544
272,2023-07-26 13:34:04.600518,0.40950564
276,2022-07-19 10:35:36.695283,0.3909381
286,2024-12-23 08:45:05.458514,0.2108063
291,2022-09-28 12:13:03.305913,0.8476664
292,2024-09-16 10:11:06.228895,0.4464175
297,2024-11-30 04:46:04.390920,0.31027645
298,2022-06-06 10:45:50.780656,0.58281577
304,2022-10-25 19:32:31.316714,0.326374
306,2025-01-03 19:54:51.262581,0.29953977
307,2022-10-21 05:01:57.802676,0.23703104
308,2022-07-23 17:22:49.802432,0.28431645
312,2022-06-17 15:04:06.998656,0.20310384
321,2022-03-25 07:05:59.077086,0.6531439
326,2022-04-20 12:56:53.614974,0.5473361
327,2022-06-15 08:34:45.025880,0.31146303
333,2022-08-20 12:18:10.427339,0.20935535
336,2024-12-16 17:40:44.776813,0.3014968
337,2023-06-14 14:59:05.368862,0.31117356
344,2024-12-30 12:36:32.239497,0.26152757
353,2024-07-17 08:11:52.813493,0.18430792
356,2024-10-20 09:05:27.008603,0.21680763
358,2024-05-12 18:23:37.478917,0.45945862
360,2022-08-03 06:45:08.172129,0.37207183
375,2022-06-07 05:21:13.736270,0.6522199
384,2024-06-01 16:27:05.391307,0.34470493
385,2023-07-04 20:30:36.292700,0.18885785
400,2022-05-15 15:13:40.673635,0.32265833
405,2022-07-25 06:59:18.601553,0.4273457
406,2024-12-11 05:07:47.879162,0.20110308
407,2024-08-08 14:02:37.286433,0.3327271
412,2022-06-23 19:48:41.483134,0.48698393
414,2022-08-18 11:39:13.942771,0.4780048
432,2022-05-08 17:36:56.117777,0.3489417
441,2023-11-20 10:00:10.817284,0.4102829
444,2022-05-26 22:18:12.485152,0.2321603
445,2023-09-30 19:38:30.651867,0.25144377
452,2022-08-14 08:55:26.421498,0.4993729
455,2023-10-20 06:50:47.828196,0.1947249
465,2024-10-30 07:02:53.342135,0.26202106
470,2024-07-01 06:43:08.599244,0.3719347
475,2025-01-11 14:12:46.092461,0.2141548
477,2023-05-09 15:21:08.155137,0.22540946
478,2024-04-19 17:31:23.136457,0.8001782
484,2022-08-23 05:56:24.299583,0.41472575
487,2022-04-14 11:32:04.070690,0.4347536
492,2024-07-26 15:06:22.077892,0.51919943
496,2022-04-15 09:00:22.347366,0.45111713
499,2022-04-28 15:16:25.042632,0.46798956
501,2022-07-01 15:16:34.245777,0.20463218
511,2024-11-12 14:34:40.767350,0.16065192
512,2022-06-22 18:23:53.282205,0.28126994
513,2022-10-24 12:55:22.990528,0.38552657
516,2022-03-17 12:50:40.527127,0.35206816
522,2023-08-29 19:51:39.699908,0.31677884
523,2022-07-02 06:56:47.988397,0.25892627
539,2022-07-27 10:55:30.665419,0.17440256
540,2023-05-16 08:35:00.531931,0.27228528
546,2022-02-23 06:50:40.190618,0.44402152
547,2024-08-23 12:08:10.799982,0.4411355
550,2022-08-09 08:04:34.028901,0.19788457
553,2022-06-07 16:14:51.103109,0.6735754
561,2022-08-06 08:44:57.483183,0.42286116
562,2022-08-18 09:52:56.455897,0.16911004
569,2024-01-18 13:27:25.769101,0.30783442
576,2022-06-26 16:25:34.471861,0.3528122
578,2024-10-03 11:23:03.286385,0.3025379
579,2023-07-29 14:11:28.768962,0.35492224
580,2022-09-14 09:51:59.152815,0.35428575
582,2024-12-21 11:03:02.404375,0.5687235
589,2023-02-21 09:13:47.270412,0.26534703
594,2022-09-17 09:02:42.095433,0.32015568
596,2024-07-19 08:55:15.230485,0.3197242
597,2023-03-18 06:06:14.226995,0.39060035
600,2022-09-17 10:20:33.847436,0.41996503
601,2022-07-24 08:37:08.967903,0.35289702
602,2025-01-20 09:21:36.315027,0.41827154
605,2023-04-03 14:17:02.337494,0.4059031
614,2024-08-01 06:21:00.042227,0.42858568
622,2022-05-08 14:26:53.982615,0.4809166
627,2024-07-10 12:07:30.635626,0.34930173
629,2022-06-24 15:20:53.532761,0.23738416
635,2023-06-14 08:26:36.636101,0.1986149
640,2022-07-15 18:21:30.399161,0.3163535
646,2024-09-02 15:29:51.289394,0.31740117
656,2022-10-14 07:20:06.642877,0.4309033
659,2024-09-13 15:28:53.378528,0.12901986
660,2023-01-28 11:35:23.103876,0.33970404
661,2023-10-17 07:03:36.415787,0.48135763
663,2023-03-13 08:34:56.976900,0.26277417
668,2022-04-05 19:31:48.965900,0.5503169
669,2022-10-10 08:16:24.417379,0.39780003
670,2023-03-29 07:02:12.637976,0.27591938
672,2022-08-17 10:38:22.781505,0.2511625
676,2023-02-13 18:27:11.074566,0.5072378
682,2024-09-01 18:24:24.809889,0.45124084
688,2022-06-13 09:58:20.946566,0.37330863
690,2023-12-19 08:49:40.366439,0.3768591
692,2022-08-23 05:20:37.813890,0.4880241
701,2024-04-06 18:02:30.259952,0.35078576
703,2023-08-29 09:16:46.602687,0.31276616
705,2022-09-15 06:27:27.297472,0.37995052
709,2025-01-03 09:19:47.767724,0.34157726
716,2022-06-27 06:55:03.564538,0.5987617
733,2022-05-24 12:37:50.187518,0.3495335
735,2024-07-17 17:17:00.664776,0.24226657
740,2023-08-31 10:41:39.662142,0.26078546
751,2023-07-04 11:03:51.353654,0.17004623
754,2025-01-03 15:52:07.795648,0.24178039
768,2022-08-23 05:18:39.718730,0.3171408
787,2022-08-19 09:38:19.576621,0.4009763
793,2024-02-27 05:58:11.091243,0.33118913
798,2022-03-22 09:08:02.337245,0.39863935
800,2023-07-31 04:22:56.003968,0.29814765
801,2022-11-11 06:41:13.016710,0.3956045
802,2024-11-18 11:26:36.690409,0.29100484
810,2022-08-15 08:15:12.475291,0.32965195
812,2022-07-28 10:39:13.206528,0.37344173
816,2022-07-04 22:02:13.684794,0.273629
821,2022-06-24 07:38:31.621510,0.38445958
822,2022-04-17 18:24:16.471558,0.34629855
827,2022-04-29 11:19:47.098108,0.51001847
829,2022-04-19 07:54:23.962230,0.238049
835,2023-03-04 18:02:22.868803,0.25736243
838,2025-02-25 08:36:07.712470,0.39972168
849,2023-10-26 09:52:18.526885,0.531301
862,2023-07-14 04:19:00.837947,0.16728203
864,2023-05-30 09:53:05.551895,0.24632935
866,2023-05-05 16:34:55.697376,0.20399176
880,2024-04-05 13:19:50.860091,0.35089868
881,2023-02-04 01:32:01.466712,0.21978083
882,2023-02-18 18:24:37.916620,0.6307245
885,2022-06-03 07:55:52.965175,0.4116375
886,2025-01-27 05:13:40.197277,0.36972973
890,2022-09-17 10:01:22.051986,0.2983423
894,2023-01-27 12:33:07.223913,0.5629871
895,2022-05-04 11:31:26.254254,0.5336527
900,2024-09-07 10:05:02.783573,0.42260468
907,2022-09-15 11:24:36.710766,0.27200773
910,2022-06-22 08:28:13.120702,0.5203216
931,2023-03-04 10:38:36.575325,0.23253444
945,2022-04-22 05:47:23.400859,0.4618952
948,2024-10-11 08:46:10.627844,0.14372472
950,2024-03-22 12:51:41.269468,0.40495998
953,2024-12-04 21:14:11.784004,0.2567014
954,2024-08-08 09:07:59.497543,0.22722256
960,2022-08-27 09:38:03.691637,0.21894743
970,2022-05-26 12:42:59.618383,0.41323707
972,2022-07-24 11:58:51.209811,0.2765782
973,2024-12-27 08:32:30.090170,0.14267948
985,2024-03-10 14:57:27.478810,0.34939155
997,2024-08-28 13:20:31.995037,0.21444449
998,2022-09-03 12:52:39.599229,0.30142656
1010,2024-10-12 04:54:45.066769,0.26461592
1012,2024-11-18 05:54:52.732251,0.37414208
1013,2024-07-13 10:16:32.726121,0.31816328
1019,2022-04-23 06:18:09.338267,0.38127276
1023,2022-03-24 08:47:40.680150,0.5545822
1027,2022-06-04 08:43:18.375315,0.3945003
1034,2024-07-16 13:35:40.030347,0.5529803
1038,2022-05-26 10:50:02.677972,0.4620023
1041,2022-10-31 04:28:20.639742,0.770844
1042,2022-08-18 05:41:33.503298,0.51991117
1043,2022-07-07 10:51:02.574919,0.21832734
1054,2023-07-08 20:57:16.001920,0.15944947
1056,2022-05-19 10:06:11.653680,0.26165575
1065,2024-11-24 12:10:06.234061,0.4678672
1068,2024-08-03 07:10:37.404224,0.31280863
1074,2023-04-04 07:35:07.873004,0.16907978
1076,2023-07-10 07:34:38.087517,0.44998983
1088,2024-12-16 05:31:32.540756,0.19993646
1089,2022-05-24 14:54:35.038030,0.39325702
1095,2024-12-12 08:03:10.008805,0.26039168
1098,2023-06-03 16:21:10.472492,0.200793
1114,2023-04-12 15:16:16.336408,0.20774248
1119,2024-09-22 06:43:24.805584,0.36958525
1122,2024-12-18 12:23:51.737977,0.36484656
1124,2024-07-25 15:16:19.350154,0.36495787
1127,2022-05-31 12:23:41.305068,0.32415894
1133,2024-01-14 16:28:22.994087,0.39774245
1141,2024-09-27 09:13:41.192043,0.48136967
1142,2024-07-26 14:19:39.779324,0.44111866
1146,2023-06-24 08:39:56.228753,0.60470057
1150,2022-03-21 09:44:19.987297,0.45424485
1151,2024-12-22 02:09:26.058417,0.43019915
1152,2022-05-27 17:03:11.513810,0.3339112
1162,2023-07-28 16:26:46.176052,0.25728557
1166,2024-01-25 19:37:43.281841,0.36515766
1180,2022-07-01 21:53:55.974224,0.45882735
1186,2024-05-24 14:30:56.252462,0.35988232
1187,2022-02-19 17:50:09.005486,0.3360124
1192,2024-05-16 08:26:20.267306,0.30400425
1193,2025-01-18 19:12:09.722623,0.2454197
1195,2022-05-03 12:19:20.572445,0.37077215
1197,2022-05-26 05:50:14.236515,0.4413314
1204,2023-03-22 11:29:44.297059,0.40695196
1206,2022-06-08 12:19:09.969659,0.42717588
1208,2022-05-27 06:32:36.865407,0.3365284
1212,2022-09-23 06:45:55.430469,0.27122062
1213,2023-06-13 16:00:37.156736,0.27447528
1219,2022-04-28 09:44:32.661325,0.4746154
1220,2022-09-22 11:45:27.572037,0.38671923
1225,2024-10-25 17:07:26.184529,0.34729743
1228,2023-06-08 04:39:44.753311,0.4558484
1230,2023-07-15 16:49:19.520587,0.31514707
1232,2022-09-16 12:37:02.125167,0.4208019
1233,2022-09-25 20:59:46.926663,0.2892512
1234,2024-01-08 12:40:59.938960,0.7903961
1251,2024-08-28 11:49:41.917072,0.38179848
1254,2022-08-19 13:33:10.431593,0.37576145
1258,2023-06-01 10:45:31.585186,0.16937242
1260,2022-07-06 15:41:13.488429,0.3559067
1269,2023-09-06 04:21:16.657253,0.27631533
1277,2023-08-21 10:58:04.827971,0.393419
1279,2023-06-23 12:27:50.024212,0.36975774
1280,2023-06-12 14:46:00.468765,0.31882942
1284,2022-08-09 10:04:43.454082,0.26934987
1287,2025-02-06 05:26:21.564492,0.27953514
1291,2024-10-23 18:53:04.842050,0.24620691
1297,2024-01-03 13:15:41.309612,0.3677868
1299,2022-10-02 15:31:16.273824,0.4362298
1301,2023-01-18 15:42:01.715946,0.2022339
1312,2025-01-31 19:22:36.550109,0.2831322
1319,2022-06-02 12:24:42.427881,0.63400435
1322,2024-03-24 05:43:55.500039,0.72427624
1324,2022-06-15 07:26:22.581891,0.4236651
1326,2022-06-16 07:52:40.129865,0.3102245
1332,2023-03-08 13:48:10.597543,0.2886821
1335,2022-06-23 05:20:11.173128,0.49167898
1340,2024-08-06 23:32:15.983560,0.20286955
1343,2022-06-05 23:39:42.869909,0.55019945
1351,2022-07-20 06:54:36.138250,0.32032552
1355,2024-07-24 08:14:21.044938,0.23551892
1363,2022-06-29 10:37:46.047435,0.3907233
1367,2024-11-08 10:49:24.962419,0.14988606
1373,2025-02-05 10:48:15.934888,0.2912105
1378,2024-10-08 04:41:03.499208,0.30548933
1379,2023-07-27 07:06:07.328877,0.413475
1383,2023-08-21 08:06:09.235553,0.50676733
1392,2024-09-15 09:11:15.835556,0.43627942
1399,2022-05-30 13:02:20.480549,0.37406695
1403,2022-03-23 09:07:08.724269,0.41576964
1406,2022-09-29 13:18:14.469519,0.30355576
1407,2022-07-09 12:55:51.672519,0.17066659
1409,2022-08-24 08:39:23.504847,0.38849345
1411,2025-02-25 16:40:35.885038,0.35639146
1424,2024-06-23 06:30:08.138629,0.42191496
1427,2022-05-14 03:42:10.822560,0.46710095
1428,2024-04-29 18:23:22.213591,0.38036245
1438,2022-05-13 01:05:38.913793,0.43100467
1440,2022-07-10 14:14:27.250566,0.44994214
1445,2023-03-02 11:19:59.341164,0.14275154
1448,2024-10-03 20:04:13.733707,0.29747066
1449,2022-05-27 12:45:51.033920,0.3710382
1454,2024-11-20 03:41:45.922045,0.7300244
1462,2023-07-09 14:26:38.748354,0.32360405
1471,2022-08-13 14:47:17.552233,0.20895156
1474,2022-05-31 18:57:01.669991,0.5504011
1477,2022-04-19 05:20:50.889256,0.5926754
1480,2024-04-13 05:56:30.109715,0.19491377
1482,2022-06-15 16:25:15.713034,0.21487913
1483,2023-12-02 07:41:29.059789,0.39568868
1489,2022-10-21 07:27:30.176778,0.5635417
1490,2022-08-27 14:54:02.143368,0.18599443
1491,2023-04-22 16:55:52.439002,0.6408179
1498,2023-07-06 12:07:58.071512,0.23693837
1502,2022-06-11 05:32:02.476196,0.40272495
1522,2022-12-06 15:34:44.764236,0.36627626
1526,2024-12-10 10:58:26.436157,0.37744898
1535,2022-05-24 06:20:52.508094,0.438744
1537,2023-10-26 14:01:05.516808,0.4696589
1542,2023-03-06 12:45:49.068068,0.2966532
1549,2022-09-07 08:59:49.223158,0.3391157
1556,2024-05-13 08:39:40.595960,0.39270818
1580,2022-05-17 15:39:56.412991,0.4252543
1602,2023-06-02 06:20:38.702691,0.44418454
1604,2024-02-13 07:31:10.115177,0.37738135
1612,2025-02-27 15:57:29.669583,0.25381634
1619,2022-07-28 09:59:25.124949,0.5797536
1625,2022-05-26 10:58:28.246795,0.35655978
1627,2023-12-13 13:35:04.928041,0.27766192
1628,2024-12-27 03:45:21.718602,0.18360326
1632,2022-05-24 19:16:11.132673,0.5490216
1650,2022-06-28 14:51:24.621324,0.5512763
1656,2023-08-28 14:38:23.008742,0.21060705
1660,2022-05-25 11:08:47.729804,0.4120474
1662,2023-04-15 08:35:48.771643,0.25970465
1666,2022-05-31 13:40:15.163698,0.4104205
1668,2023-02-21 10:00:05.310588,0.4346239
1674,2024-09-08 15:05:05.297457,0.26222453
1675,2022-05-13 14:18:54.272254,0.3978485
1676,2024-03-05 04:41:09.427344,0.5678373
1679,2022-07-19 15:11:05.105307,0.32039437
1705,2022-09-19 21:00:24.165266,0.17689294
1708,2023-03-20 09:21:49.648844,0.32382733
1718,2022-06-22 11:50:14.534073,0.3524068
1732,2023-05-27 15:03:47.620570,0.27400705
1734,2022-05-17 22:03:59.390448,0.45361266
1738,2023-05-10 07:00:53.430415,0.4904467
1740,2024-12-12 18:34:25.711209,0.24043131
1741,2023-11-18 18:08:41.664306,0.28501433
1749,2024-05-04 15:08:26.873581,0.3869981
1752,2022-06-13 12:12:27.791698,0.4173804
1756,2024-07-19 04:44:03.104894,0.31885237
1759,2022-07-19 22:47:58.344018,0.315731
1774,2025-01-09 03:50:04.391188,0.24142055
1775,2022-06-09 15:42:53.800922,0.3727019
1784,2022-06-24 05:32:56.324740,0.24796355
1785,2023-08-19 15:25:22.936555,0.2148873
1786,2023-08-02 08:45:12.702738,0.19837148
1788,2024-06-07 11:19:54.566586,0.26708096
1794,2022-06-28 11:32:49.402249,0.48907235
1803,2022-07-22 10:34:28.556953,0.26874366
1809,2023-03-11 17:10:22.596663,0.39547572
1813,2023-08-21 12:26:35.802929,0.11801768
1828,2023-12-14 10:40:26.330796,0.34852436
1829,2023-09-06 12:43:19.327291,0.3558687
1834,2022-08-26 09:08:34.257265,0.5735628
1836,2024-04-19 20:12:24.089483,0.1965708
1842,2023-05-14 13:48:37.771632,0.22798017
1851,2023-06-16 11:20:51.159765,0.5265757
1855,2023-06-07 05:12:38.261390,0.20798805
1857,2022-05-26 01:25:44.786580,0.4435879
1863,2022-05-22 05:39:13.581892,0.42328012
1868,2024-08-01 12:02:16.592205,0.34124303
1872,2023-06-18 09:50:25.157434,0.19168067
1874,2024-10-20 06:27:00.121917,0.25849438
1876,2024-02-04 12:47:39.939258,0.40772432
1887,2025-02-15 08:19:52.194308,0.24711467
1890,2022-10-24 14:51:10.881576,0.43804422
1892,2022-08-21 16:14:42.333007,0.20733675
1896,2024-02-15 11:10:21.426834,0.2398861
1901,2022-05-17 09:31:46.028971,0.5145012
1907,2022-06-13 02:44:05.525602,0.6562707
1910,2024-07-23 15:56:57.334291,0.58997464
1917,2024-08-17 11:37:42.942977,0.22419448
1931,2022-09-13 18:26:27.304281,0.4480924
1933,2023-08-27 06:19:46.717095,0.4389161
1935,2022-03-19 17:59:16.038326,0.44927084
1936,2024-01-15 06:18:57.749177,0.37171653
1940,2022-08-25 08:40:23.768770,0.31950325
1953,2025-02-16 10:40:50.415284,0.31746003
1959,2022-08-20 06:41:01.596413,0.42320985
1965,2024-10-18 18:08:47.139087,0.21116206
1966,2022-09-07 10:13:21.356687,0.3548577
1968,2024-12-18 06:26:30.372628,0.32462394
1971,2023-08-23 22:33:17.410606,0.10795287
1972,2024-09-12 09:29:32.146789,0.29605252
1976,2024-05-23 08:17:30.661742,0.2659185
1985,2023-12-06 08:15:56.607022,0.4161356
1989,2022-10-07 11:43:25.966262,0.34199762
1991,2022-05-29 08:06:15.770034,0.38404778
1994,2023-06-14 13:28:14.265413,0.38419735
1996,2024-11-07 08:39:12.486974,0.23185785
2000,2023-03-02 11:56:04.243394,0.2359162
2004,2022-06-17 12:44:28.342136,0.24746732
2005,2024-01-21 09:55:12.072514,0.66464335
2008,2022-07-26 11:45:48.695325,0.2690975
2011,2024-06-26 21:28:37.866541,0.3529469
2012,2024-10-02 10:15:30.950852,0.25346768
2013,2023-07-08 02:24:05.617049,0.16364813
2014,2024-08-02 13:23:40.748838,0.27336428
2015,2022-08-25 16:05:34.686948,0.25901228
2018,2022-05-25 06:44:42.904241,0.5810313
2031,2024-05-05 10:31:39.634224,0.34828052
2032,2022-04-24 15:46:46.662572,0.5614318
2036,2024-08-26 12:32:38.729466,0.28180313
2044,2022-06-19 05:24:03.715056,0.5240662
2045,2022-10-06 18:47:50.191390,0.32385182
2046,2023-10-19 06:05:19.753628,0.4324904
2049,2024-09-30 08:38:27.536839,0.17102268
2057,2025-01-07 20:51:51.156962,0.20633005
2060,2022-09-19 13:43:05.262694,0.37284538
2065,2024-11-15 09:20:48.320971,0.20872737
2068,2023-04-25 06:58:08.950639,0.42652938
2069,2022-06-24 10:51:20.032487,0.25229052
2072,2023-02-23 10:34:15.236486,0.1545669
2077,2022-07-11 12:05:28.516267,0.40988347
2081,2023-07-05 13:29:18.833738,0.24031097
2090,2022-07-17 15:51:02.695407,0.2648811
2096,2024-02-05 09:16:40.283277,0.27383336
2108,2022-10-07 07:26:50.387999,0.2946513
2109,2023-02-24 12:49:33.220158,0.39074022
2111,2024-09-12 06:35:34.352050,0.2585064
2112,2023-02-21 05:00:42.785288,0.40651864
2117,2022-06-28 11:19:48.457688,0.27405187
2118,2022-08-17 11:37:18.380943,0.27462262
2124,2022-05-02 12:21:57.236468,0.30146044
2126,2022-06-20 10:22:27.845115,0.3191191
2134,2022-03-29 11:13:38.470855,0.4651977
2138,2022-04-28 05:08:17.706324,0.37547517
2140,2024-11-23 10:27:21.614935,0.15939593
2143,2022-07-24 17:14:49.474637,0.16171178
2144,2022-04-04 11:05:36.078220,0.3431002
2150,2022-04-23 04:20:33.621587,0.62306374
2151,2024-08-13 05:19:24.494429,0.37217835
2154,2024-07-12 08:45:41.100664,0.3693785
2155,2025-01-12 11:14:32.758508,0.45089024
2160,2024-08-14 15:20:04.925333,0.2083469
2162,2023-11-10 05:45:35.004124,0.40390906
2164,2022-08-24 18:13:19.145866,0.40051964
2173,2024-11-03 15:11:26.379870,0.2586167
2178,2022-06-04 11:07:13.279314,0.40715405
2179,2022-10-26 15:56:48.472649,0.46084026
2182,2022-10-16 10:25:56.865746,0.44616306
2191,2022-08-27 10:13:52.576175,0.2885317
2193,2022-07-13 10:20:05.040507,0.34848863
2196,2023-09-14 13:35:59.499523,0.34721595
2198,2024-09-20 12:29:45.411560,0.3461057
2204,2024-08-22 10:13:49.614630,0.31344754
2209,2024-12-12 18:31:55.846110,0.2770015
2210,2024-05-17 16:59:21.837284,0.619991
2214,2022-07-25 10:26:56.518879,0.63170713
2215,2023-02-15 16:02:56.922540,0.24567926
2229,2022-06-26 12:48:48.830047,0.5735266
2242,2024-09-11 05:34:41.013432,0.38130105
2244,2024-05-12 05:18:30.286284,0.30243534
2246,2022-04-25 07:33:28.311235,0.6918151
2250,2025-01-12 02:57:50.172166,0.19558153
2251,2023-08-02 07:29:06.301196,0.22429632
2258,2022-09-13 08:04:52.497935,0.3039055
2259,2024-04-11 13:59:34.600496,0.40376753
2260,2024-09-30 14:13:26.976329,0.46624675
2262,2022-09-24 07:04:21.814425,0.49624977
2266,2022-06-04 20:30:47.752723,0.3002564
2269,2023-06-11 16:55:52.664051,0.3093214
2271,2024-12-28 17:22:35.990870,0.18481196
2274,2023-07-12 09:14:13.940260,0.25128812
2276,2023-12-09 13:33:30.459402,0.22637054
2282,2022-06-03 07:39:50.921641,0.26726282
2287,2022-06-27 11:21:10.120004,0.20876889
2288,2022-07-25 19:31:51.625619,0.47510755
2291,2022-07-18 10:48:31.302478,0.4110011
2294,2022-07-19 10:17:55.484172,0.28691754
2301,2023-05-26 15:03:56.807625,0.20071018
2304,2024-06-20 07:51:33.334779,0.35009417
2314,2025-01-05 14:35:11.209567,0.34808758
2317,2024-07-25 19:40:25.793493,0.3294501
2324,2023-01-08 13:40:16.644892,0.2296981
2325,2022-06-10 13:35:08.783372,0.50567204
2335,2022-06-20 14:38:43.542219,0.3401037
2340,2024-02-10 06:43:56.736532,0.33744454
2342,2023-01-31 10:30:41.338597,0.36066487
2344,2024-03-08 06:31:15.698959,0.29388368
2351,2022-07-02 09:17:12.245437,0.5193495
2354,2024-08-19 12:34:09.567187,0.34191167
2357,2022-09-10 14:02:21.149244,0.42757198
2361,2022-08-24 08:22:13.027660,0.4851988
2366,2024-09-24 10:01:40.376016,0.14226396
2370,2023-11-10 15:52:37.671378,0.41396
2372,2023-06-02 07:57:38.914826,0.16204698
2378,2022-04-16 14:41:10.379768,0.35841197
2383,2024-09-12 11:03:18.448522,0.35832047
2392,2022-05-21 09:14:44.695611,0.54305506
2393,2023-03-22 12:56:51.572848,0.3918881
2399,2023-01-01 09:03:11.299981,0.27371442
2404,2022-06-04 07:36:40.658100,0.47415537
2409,2024-02-19 06:23:31.754685,0.5476777
2420,2024-07-11 10:36:28.448904,0.35100567
2423,2023-08-25 21:34:54.429576,0.08452645
2429,2023-03-05 08:44:55.338294,0.28686896
2432,2022-06-05 13:28:24.683337,0.44675505
2442,2024-10-30 04:55:30.125487,0.2175774
2446,2025-02-28 03:42:17.123402,0.23102367
2453,2024-03-05 17:45:19.136128,0.3202737
2455,2025-02-06 17:39:10.199747,0.30465734
2459,2022-05-20 16:15:56.975292,0.30478415
2477,2024-03-06 09:24:21.158483,0.35124892
2483,2024-12-08 09:05:21.132652,0.37325865
2486,2023-05-09 18:15:53.514270,0.19495545
2497,2022-05-20 12:44:59.584707,0.20951
2508,2025-02-28 09:03:53.938688,0.30164132
2509,2022-06-19 16:23:47.757549,0.47182167
2510,2025-02-17 13:59:48.689372,0.41502416
2513,2024-11-20 11:55:52.458658,0.3034853
2520,2022-06-10 07:49:53.363812,0.20539874
2525,2024-12-29 11:47:18.917044,0.3402477
2537,2022-07-13 16:47:00.952105,0.43096226
2538,2024-04-16 12:07:34.244197,0.30905995
2553,2023-09-23 09:37:06.014560,0.29305518
2563,2024-06-14 17:59:06.785505,0.32290176
2567,2022-07-07 12:32:36.547816,0.26148546
2571,2024-09-18 14:12:40.518260,0.20119703
2574,2022-05-23 14:25:41.503363,0.4196507
2575,2025-01-05 17:18:50.292971,0.5166413
2577,2022-06-17 11:44:21.366677,0.3039089
2589,2023-11-27 09:19:45.388400,0.1985768
2601,2024-07-12 14:58:11.558947,0.38528103
2603,2022-05-21 06:30:00.666251,0.36703062
2604,2023-07-24 17:57:18.227124,0.43229294
2611,2024-06-28 12:30:28.782506,0.33425668
2617,2022-05-23 15:33:28.657961,0.5648457
2632,2025-01-25 15:10:42.051483,0.27570605
2635,2023-02-06 17:23:27.059437,0.25798476
2636,2024-02-26 12:42:22.894382,0.7505396
2638,2023-03-06 09:37:06.061426,0.39492768
2639,2022-06-19 16:53:15.915092,0.3322408
2640,2022-04-21 15:07:00.635581,0.4861227
2645,2024-07-24 07:35:17.718891,0.26262197
2647,2024-10-14 15:01:19.375082,0.41578355
2650,2023-10-10 10:49:50.158988,0.48594517
2651,2022-05-07 13:51:17.518225,0.42798102
2659,2022-10-18 08:29:38.217280,0.29627493
2660,2022-07-09 15:06:54.926684,0.22843158
2663,2023-12-06 07:36:00.912772,0.29461166
2669,2024-10-10 17:45:49.296373,0.35361496
2672,2023-05-25 05:36:30.127301,0.29862574
2674,2022-07-15 14:04:47.897346,0.31035578
2678,2024-11-21 03:59:57.297538,0.18627426
2690,2023-02-15 16:04:08.662550,0.11696706
2703,2022-07-21 11:32:38.083949,0.24110122
2706,2023-07-01 15:58:36.966394,0.25237122
2713,2023-11-12 15:13:00.679434,0.51574504
2723,2022-06-05 14:40:57.970878,0.28202003
2729,2023-11-30 14:43:35.787357,0.38882166
2732,2024-06-20 15:36:39.921112,0.16235928
2740,2022-04-17 07:38:14.381500,0.59913385
2747,2022-08-12 09:05:42.205349,0.25707543
2748,2022-07-26 03:24:33.977455,0.5637284
2749,2023-05-25 12:56:24.932353,0.2918092
2758,2025-01-09 16:45:25.168942,0.26246625
2767,2023-06-19 12:06:38.648837,0.23300363
2769,2024-08-08 14:21:39.970371,0.28078938
2771,2022-05-25 08:34:52.610481,0.52670616
2775,2022-05-08 10:22:35.119237,0.2649041
2783,2023-10-16 13:48:35.770423,0.3610202
2788,2025-01-05 06:16:14.982039,0.22367617
2796,2023-11-03 02:48:50.437489,0.19402222
2800,2023-11-06 06:59:13.038077,0.27485913
2806,2024-02-18 14:11:48.225967,0.2308012
2815,2022-06-06 05:41:17.943083,0.5187888
2824,2024-09-24 15:01:27.357445,0.43082124
2828,2024-08-12 13:31:16.095313,0.24865851
2831,2022-09-07 09:47:57.482027,0.5085398
2832,2024-09-17 11:00:35.338172,0.28550467
2838,2022-08-07 07:55:12.276485,0.43540815
2839,2024-03-25 14:21:32.894545,0.24212907
2857,2023-03-07 14:51:01.320073,0.27386472
2865,2022-08-05 20:00:39.878858,0.27033877
2867,2024-08-09 15:24:13.825347,0.15659939
2874,2022-06-25 14:34:23.287357,0.32123217
2875,2023-08-21 15:57:32.528366,0.57626426
2876,2022-09-12 09:10:10.511995,0.3628506
2878,2023-02-18 08:08:15.104171,0.37908912
2881,2025-02-22 10:42:52.652476,0.36503354
2885,2024-08-19 08:32:11.497228,0.34349537
2886,2023-03-04 12:46:14.345997,0.48430052
2888,2023-11-08 05:42:23.180521,0.25474647
2891,2022-08-16 08:24:43.700173,0.42170644
2896,2024-03-24 18:37:35.673974,0.49462625
2911,2022-05-06 04:34:44.517990,0.6963922
2918,2022-04-14 16:11:12.517490,0.3077464
2919,2022-07-13 11:36:56.196337,0.1447544
2925,2024-03-28 16:48:42.861434,0.37031198
2929,2023-10-24 07:00:18.848921,0.43514234
2930,2022-07-02 13:05:48.192131,0.34395134
2931,2023-07-03 13:20:38.717952,0.15567054
2932,2022-06-05 09:22:05.126761,0.38640633
2941,2024-01-18 13:32:48.680535,0.5467394
2951,2022-10-12 15:07:25.527732,0.26327685
2958,2022-12-23 06:58:15.633668,0.31896085
2967,2022-09-04 14:40:49.546048,0.2902275
2981,2024-11-20 07:28:10.559715,0.30238423
2984,2022-08-09 17:07:10.597485,0.44195145
2990,2023-10-04 17:50:08.218497,0.22174443
2997,2024-07-23 10:38:28.116814,0.31219307
3003,2022-10-13 12:57:22.702529,0.20156713
3007,2022-08-09 08:07:15.583821,0.36791605
3019,2024-04-23 05:25:57.945267,0.38083732
3020,2022-06-13 11:43:05.141525,0.5544667
3023,2022-08-17 18:08:09.035133,0.35413602
3031,2024-08-15 13:54:31.903577,0.2962825
3035,2023-05-13 04:31:50.227859,0.32387653
3036,2022-09-16 12:15:57.802693,0.37579033
3037,2024-01-05 17:05:24.120384,0.4743593
3038,2022-07-21 21:27:14.026580,0.4299476
3048,2022-08-19 17:09:22.762729,0.3693192
3065,2022-06-30 19:54:47.784182,0.27939942
3070,2022-06-13 06:46:18.926842,0.5296506
3071,2025-01-15 08:37:18.477197,0.28607222
3074,2022-06-21 16:56:50.685222,0.5164711
3080,2023-04-16 17:15:17.045446,0.2760323
3085,2024-04-23 16:57:56.942229,0.40077397
3089,2025-01-24 08:13:38.354240,0.32435465
3091,2024-07-02 09:18:40.773584,0.3322966
3096,2023-10-13 06:48:32.106194,0.27512398
3109,2024-10-14 22:08:38.395754,0.34945574
3114,2024-07-23 16:02:07.829110,0.27147296
3118,2024-09-26 03:48:23.945177,0.38960242
3121,2024-08-21 16:21:48.996647,0.54183745
3123,2022-05-23 06:13:13.161399,0.42085385
3128,2023-06-20 12:42:28.235338,0.19629776
3141,2024-11-07 21:41:13.159890,0.46863282
3143,2024-08-16 20:39:51.902302,0.29320028
3152,2024-09-30 15:57:54.894845,0.28217188
3160,2024-05-13 18:27:59.973873,0.28411663
3166,2023-07-26 13:39:30.515938,0.19190538
3167,2022-10-14 20:18:53.633395,0.34160727
3176,2022-05-10 09:24:51.886677,0.32082108
3181,2023-08-18 09:16:07.233010,0.38258207
3188,2023-08-12 09:10:41.423295,0.36517274
3193,2023-08-08 18:08:46.175518,0.21358456
3196,2022-06-28 13:10:19.533811,0.17350054
3201,2024-06-27 19:32:32.547301,0.37744936
3215,2024-11-05 07:56:43.305879,0.25721008
3221,2022-05-24 13:06:20.076347,0.24196161
3229,2022-09-09 10:34:11.171251,0.38325882
3235,2024-01-10 14:40:18.734958,0.24799702
3236,2024-04-04 11:33:09.649279,0.2910887
3237,2023-01-16 12:58:44.777779,0.30989674
3239,2022-05-29 16:17:15.005068,0.4301761
3258,2022-07-28 20:31:06.120022,0.474972
3261,2023-02-16 11:23:04.019266,0.13664153
3263,2022-06-20 13:28:00.977903,0.29031494
3264,2024-04-28 12:28:56.262443,0.18446656
3266,2022-08-29 08:30:14.966167,0.28227082
3271,2022-08-25 14:40:51.222733,0.34793168
3274,2022-05-25 08:35:48.416634,0.41107988
3279,2022-03-17 16:40:44.918154,0.61906666
3281,2023-07-29 11:20:15.392672,0.46529126
3287,2022-07-26 10:52:25.822471,0.18588428
3296,2022-05-27 09:07:41.355690,0.5994238
3304,2024-07-13 06:46:48.163503,0.31611896
3305,2022-06-29 08:23:33.598585,0.23426911
3315,2022-07-19 07:09:27.986912,0.32222712
3322,2022-06-20 06:29:35.201936,0.4275246
3323,2023-05-23 17:27:17.007888,0.22216421
3331,2022-08-19 18:57:55.092286,0.3905478
3338,2022-05-26 10:21:30.215753,0.35245746
3347,2022-04-13 22:53:34.290811,0.31638533
3359,2022-06-30 10:03:08.443468,0.37156937
3364,2022-09-10 00:10:33.518174,0.30698514
3372,2022-08-05 15:46:11.037096,0.36637595
3373,2022-07-01 15:40:35.627272,0.33282948
3374,2022-06-23 11:53:15.241514,0.34302557
3375,2022-05-25 16:47:54.029812,0.52845275
3387,2022-04-14 13:54:13.675763,0.4759149
3388,2022-05-21 19:48:17.911882,0.2840134
3389,2022-05-01 19:28:59.640151,0.45001552
3392,2022-07-04 18:51:46.378251,0.22805631
3396,2024-09-18 08:30:34.184280,0.2522996
3398,2024-10-15 02:45:52.924871,0.2653645
3399,2024-10-21 11:59:41.686492,0.3391143
3403,2024-11-12 04:58:48.756742,0.2522732
3406,2022-07-29 03:47:35.780228,0.25277013
3411,2024-09-20 13:01:28.142098,0.31249386
3417,2024-10-30 10:10:42.762018,0.4488242
3430,2023-04-03 09:17:00.514036,0.61871374
3431,2024-09-19 07:01:48.621283,0.2631348
3437,2022-05-01 20:24:17.205624,0.5578035
3444,2022-06-26 07:59:28.649068,0.36278376
3447,2024-11-01 04:16:26.589585,0.35252473
3449,2024-05-27 12:21:16.366945,0.40218517
3450,2023-06-28 19:43:36.692936,0.35385075
3462,2022-08-13 16:59:53.106318,0.43574023
3477,2022-05-20 11:59:59.706580,0.35323107
3480,2024-08-29 22:21:15.294369,0.175664
3482,2024-05-08 18:06:00.192730,0.31770694
3483,2022-06-24 05:13:19.504570,0.44206566
3484,2024-09-08 07:15:23.932778,0.41145355
3489,2024-02-07 18:03:33.818404,0.4257676
3491,2022-12-24 11:51:21.353047,0.3742542
3494,2025-02-20 13:08:20.135260,0.2539249
3503,2022-05-24 07:30:16.316823,0.46663153
3506,2024-05-05 08:51:06.470203,0.3103899
3507,2024-01-05 12:31:15.136685,0.15263209
3516,2024-09-07 13:55:56.888559,0.39099616
3521,2024-12-10 15:47:49.346791,0.36044732
3524,2022-05-16 14:30:53.279722,0.40518737
3535,2024-05-29 15:01:17.418531,0.35940263
3539,2022-06-12 12:13:08.204963,0.26451397
3541,2022-06-20 10:55:49.937560,0.527856
3560,2022-05-21 08:05:12.834259,0.38738438
3563,2024-07-31 05:56:44.808786,0.23461448
3566,2022-08-22 17:59:15.793903,0.27731538
3568,2022-08-25 08:16:57.780645,0.26764387
3581,2024-06-12 11:36:03.315406,0.34217703
3585,2025-01-02 16:34:54.694822,0.353502
3588,2023-02-24 05:47:17.061916,0.22435069
3590,2023-11-22 17:37:39.211602,0.59852374
3595,2022-06-03 10:36:10.213561,0.39081135
3596,2022-09-21 17:05:03.670032,0.22862107
3602,2024-03-03 04:35:03.005679,0.30640465
3605,2022-11-14 19:13:21.902845,0.24826987
3611,2022-07-20 19:45:44.087116,0.41530016
3612,2024-11-19 07:30:37.680194,0.21766125
3613,2023-05-07 03:29:54.953165,0.2869627
3615,2024-10-29 09:00:55.956193,0.34579512
3620,2024-01-22 07:40:51.234287,0.3766246
3624,2022-07-17 06:38:23.736288,0.3113165
3633,2024-10-20 20:42:40.062481,0.44027376
3651,2024-02-13 18:53:42.511628,0.50035256
3652,2023-06-09 07:25:55.244005,0.23909304
3654,2022-06-28 18:53:25.857343,0.32255185
3656,2023-11-06 19:45:30.717277,0.37747937
3661,2023-01-03 16:29:06.120394,0.24764629
3681,2022-08-23 05:17:42.505777,0.36013013
3687,2022-07-11 07:16:29.710744,0.22171143
3690,2023-05-27 15:55:36.157580,0.2817297
3694,2024-10-23 11:11:34.543704,0.2315786
3704,2022-06-26 06:04:47.192306,0.26761213
3705,2024-07-10 03:08:11.335769,0.40054712
3710,2022-06-29 11:22:49.778453,0.48295408
3711,2023-08-10 14:22:51.766486,0.34346044
3712,2022-10-01 08:52:44.627683,0.4997455
3717,2024-06-23 10:23:14.910069,0.31562138
3719,2022-06-28 06:02:14.172276,0.28572178
3726,2024-10-15 07:51:29.522759,0.34258005
3732,2023-11-25 07:43:27.640345,0.36803833
3737,2024-11-28 11:46:19.099678,0.3447232
3738,2023-07-15 16:44:09.355550,0.34374818
3739,2023-05-23 09:33:49.163047,0.15168206
3744,2024-11-12 11:58:10.030481,0.24953972
3749,2022-11-25 11:23:38.596448,0.54368037
3756,2025-02-24 07:03:15.835367,0.28616992
3763,2022-06-16 17:46:08.758619,0.41523916
3764,2022-07-16 07:15:19.441863,0.24180542
3765,2023-12-27 09:17:40.857016,0.32180235
3769,2024-11-03 05:30:54.435033,0.31086755
3770,2022-06-13 19:51:23.426694,0.32349482
3776,2024-12-27 21:28:10.862913,0.19985943
3780,2022-08-08 09:11:05.761898,0.26985452
3782,2022-06-17 06:40:35.509405,0.37391368
3788,2024-07-18 21:55:38.999793,0.2200659
3789,2022-08-07 11:27:24.973740,0.3621854
3796,2023-03-12 06:16:59.334220,0.40357533
3797,2022-08-03 09:08:44.582539,0.43410596
3799,2022-02-22 07:59:43.394789,0.43302247
3805,2023-11-13 11:01:17.299739,0.4418776
3806,2022-07-16 08:29:44.367882,0.18689677
3812,2022-03-27 07:42:32.421187,0.4778579
3813,2024-06-06 09:18:37.728444,0.2436917
3817,2024-08-28 07:02:51.540874,0.42320397
3819,2022-06-05 09:17:47.934672,0.5323092
3827,2024-01-30 10:02:55.462242,0.3506441
3833,2022-06-17 10:56:11.889706,0.18786573
3837,2024-08-20 18:34:51.778435,0.4084572
3841,2022-09-10 08:57:53.126899,0.3409044
3843,2025-01-16 15:46:18.754416,0.3086609
3847,2024-11-13 08:59:06.907889,0.1983813
3869,2024-12-04 17:42:25.105742,0.17874694
3877,2023-02-14 18:43:32.554625,0.39627397
3882,2022-02-23 05:42:49.008531,0.43103045
3884,2024-11-26 13:14:11.355512,0.3511848
3885,2023-04-23 16:16:56.042772,0.46345532
3886,2023-03-20 06:20:48.447529,0.28715435
3900,2024-02-09 01:22:24.152629,0.26329333
3909,2024-08-25 16:40:42.642376,0.47943756
3915,2022-05-14 18:09:45.503138,0.30175352
3916,2022-05-18 14:21:30.819909,0.32801518
3918,2022-06-06 14:36:02.208440,0.26591215
3924,2022-05-13 12:56:51.712918,0.5915933
3927,2023-06-22 06:49:04.142798,0.3657062
3934,2022-09-16 12:16:52.197757,0.5810908
3936,2022-04-09 16:23:32.529938,0.44274807
3943,2022-04-21 16:11:51.361404,0.35461494
3945,2023-02-13 12:49:07.748663,0.18259613
3948,2023-04-29 06:24:21.247947,0.6708353
3950,2022-09-04 05:20:01.907373,0.6104813
3962,2024-05-21 17:44:15.301613,0.36330935
3963,2022-07-04 13:45:13.685417,0.19357231
3964,2022-05-19 09:06:31.929197,0.40773588
3966,2023-06-14 08:41:08.316588,0.22974549
3974,2024-01-23 13:33:44.128967,0.38028845
3979,2022-03-30 08:34:35.553284,0.4667533
3981,2023-03-09 11:59:42.879947,0.1793608
3983,2024-06-02 06:20:53.882832,0.31920463
3993,2022-04-19 16:36:12.839091,0.36074665
3997,2024-12-11 04:01:37.354531,0.32652122
4003,2022-08-08 16:30:01.103896,0.24160907
4005,2024-08-02 17:22:45.156448,0.18195185
4006,2024-11-06 10:52:47.033383,0.3774527
4010,2023-05-16 09:57:02.623943,0.22412723
4012,2022-05-23 10:15:48.825427,0.23669748
4021,2022-05-07 05:34:02.842358,0.33546895
4024,2025-01-12 13:03:57.282347,0.48369366
4025,2024-11-14 08:43:14.040939,0.28652626
4031,2024-08-17 08:28:03.334131,0.14699118
4046,2024-05-22 12:31:51.764416,0.3080493
4048,2024-10-15 14:58:00.908026,0.35896203
4049,2024-10-08 05:26:11.769401,0.24267116
4050,2022-08-04 17:22:51.535775,0.4300297
4055,2022-07-10 16:51:49.783626,0.5838559
4057,2022-06-29 16:29:47.573760,0.1492469
4058,2023-01-31 13:12:57.239785,0.45949838
4065,2022-10-15 10:48:38.732276,0.42336807
4071,2023-06-18 15:18:17.154799,0.26093903
4072,2024-08-10 07:45:46.540180,0.2622568
4077,2023-02-02 08:40:31.623694,0.24263938
4078,2022-06-06 09:03:49.701448,0.5525444
4083,2024-04-04 15:38:45.987367,0.3878909
4093,2023-07-28 05:39:05.967541,0.27021116
4094,2025-02-23 14:19:49.984562,0.2731547
4100,2022-08-24 08:31:51.977685,0.43454883
4106,2022-07-31 11:50:40.142996,0.64308834
4107,2024-11-10 14:21:54.121212,0.31635153
4119,2022-10-06 09:52:35.071148,0.3502123
4127,2023-02-15 07:35:09.153129,0.31832042
4136,2024-03-11 13:55:40.210917,0.3964548
4138,2024-07-04 11:03:46.402478,0.35250974
4145,2023-03-01 08:24:39.539586,0.14525735
4146,2022-08-19 15:13:56.252820,0.3582116
4147,2023-05-05 12:16:54.573156,0.39681166
4152,2024-09-26 00:28:25.626832,0.18383352
4154,2022-08-12 18:47:15.782720,0.2242022
4168,2023-11-27 04:32:45.425896,0.2365662
4175,2022-04-23 12:38:51.388623,0.4859384
4183,2023-08-07 11:28:46.193259,0.3323325
4191,2024-08-05 21:08:30.363469,0.0901716
4202,2023-04-29 21:43:35.339303,0.2685926
4208,2024-11-09 01:54:34.462336,0.1650271
4213,2023-07-16 09:49:26.023778,0.2714979
4216,2024-04-08 13:50:02.591509,0.30358955
4219,2023-07-24 09:42:13.535765,0.23875736
4220,2022-12-06 08:17:40.420515,0.4209619
4236,2023-12-08 08:14:57.479465,0.3530031
4248,2024-01-18 12:55:54.016370,0.37719253
4253,2023-08-22 18:51:13.217127,0.42441928
4254,2022-07-11 08:30:54.091500,0.37042296
4260,2022-05-08 13:44:56.153246,0.4357737
4263,2022-06-14 18:23:01.117207,0.4544468
4266,2023-05-24 09:15:57.285571,0.23072033
4269,2022-08-30 16:38:25.390823,0.23837893
4274,2022-05-28 13:35:48.783584,0.36855435
4297,2022-05-02 17:03:18.406019,0.40139976
4305,2025-01-27 18:27:41.748131,0.2885431
4312,2023-09-06 08:44:03.216555,0.22121203
4313,2022-03-25 12:22:53.748618,0.39562577
4319,2022-05-21 09:54:44.713812,0.39997452
4328,2022-05-20 05:12:04.439842,0.60309297
4331,2023-06-13 03:37:21.757204,0.2295413
4332,2024-08-23 19:02:08.923756,0.20417154
4333,2024-10-18 22:49:14.328795,0.13656218
4340,2022-02-26 00:45:31.634897,0.4812253
4341,2022-03-17 17:24:19.964473,0.41120675
4350,2023-07-15 09:31:33.964321,0.20430355
4352,2022-06-16 09:34:46.290657,0.34819356
4355,2023-04-09 07:44:46.769838,0.29228893
4367,2024-03-23 13:29:04.277997,0.29563746
4371,2024-03-25 07:09:09.979808,0.2664789
4377,2025-01-07 15:13:36.364989,0.12057168
4404,2022-07-09 06:02:58.103046,0.2715827
4408,2022-04-21 15:31:31.674293,0.5187334
4409,2024-05-23 08:57:09.260362,0.29836863
4417,2022-08-06 04:23:58.378725,0.34768453
4418,2022-08-10 08:32:04.323545,0.3271081
4420,2024-10-14 10:16:54.035828,0.22790797
4422,2022-03-20 10:14:15.311050,0.4464634
4431,2022-05-12 10:22:27.040916,0.46747267
4435,2024-11-24 06:22:35.972574,0.3662872
4436,2025-01-29 13:42:41.159006,0.24848063
4442,2022-08-24 11:24:54.332873,0.11741791
4443,2022-08-25 07:19:49.290719,0.2589018
4451,2023-05-14 01:56:27.134209,0.28032988
4454,2025-01-03 18:48:33.597920,0.27699932
4455,2022-09-22 09:07:19.725910,0.22481744
4457,2023-01-27 15:08:51.748043,0.18223014
4467,2022-05-29 12:19:45.867493,0.34695783
4468,2024-08-29 09:37:21.738473,0.30165672
4481,2023-07-14 08:33:39.815355,0.15870845
4482,2024-04-14 11:52:25.552624,0.43545
4486,2023-11-05 13:36:39.986029,0.18896487
4492,2022-08-11 21:34:13.994562,0.26127002
4501,2024-04-12 13:55:21.682203,0.36501694
4508,2023-08-29 13:26:26.396691,0.13328606
4511,2022-08-05 13:30:15.676622,0.335759
4516,2022-08-18 09:03:14.500089,0.38687775
4518,2022-06-17 16:20:50.181800,0.41662994
4522,2023-06-12 09:06:46.700908,0.38722605
4523,2022-06-12 08:20:15.292982,0.6342724
4524,2022-09-11 06:02:46.890238,0.35324317
4535,2023-01-22 12:16:15.726381,0.2840169
4545,2025-01-06 07:06:37.362601,0.28426182
4546,2022-06-24 15:36:20.854291,0.38035488
4550,2024-06-22 08:14:08.817943,0.2672453
4552,2023-07-11 04:24:04.794920,0.29028085
4554,2024-12-03 17:21:13.180406,0.40101922
4561,2022-08-30 07:27:48.287137,0.29679126
4563,2025-01-22 19:06:51.569504,0.31912792
4572,2022-08-21 14:40:58.337949,0.34456813
4579,2022-06-13 11:38:59.581061,0.3705617
4582,2022-07-22 07:52:28.931056,0.24263386
4586,2023-05-17 17:27:32.501797,0.34137243
4588,2022-08-25 08:02:21.241991,0.330721
4597,2022-06-15 13:03:08.566486,0.31091663
4611,2024-02-17 11:09:11.939364,0.19423854
4621,2022-04-24 14:51:51.259194,0.5249811
4623,2023-07-30 08:11:29.307177,0.17294514
4627,2023-03-26 17:18:40.567800,0.18308163
4631,2022-07-05 13:31:23.203323,0.23952872
4639,2023-05-07 16:33:37.023543,0.46510687
4640,2023-07-30 18:53:40.079859,0.19797684
4647,2022-06-23 13:04:03.587101,0.4672429
4657,2022-05-25 05:59:40.536733,0.5083958
4664,2022-06-25 19:12:47.896691,0.18483306
4665,2022-08-04 19:53:08.237423,0.14410639
4667,2025-01-16 12:53:23.082832,0.19172992
4670,2022-08-24 08:06:56.258257,0.4919633
4674,2022-06-07 08:58:21.914248,0.30591783
4676,2022-09-13 11:58:23.717404,0.32880569
4680,2025-02-16 12:26:06.449697,0.24103627
4685,2024-11-25 04:35:58.395511,0.20950283
4686,2023-10-17 07:44:16.712183,0.29537576
4695,2022-07-07 11:06:47.243989,0.32646942
4698,2022-08-01 13:33:48.100648,0.29950702
4702,2023-05-15 18:12:56.851365,0.30222648
4713,2024-12-06 05:32:31.747113,0.33405432
4714,2023-08-26 07:12:50.819659,0.15460083
4722,2023-03-13 18:58:57.929475,0.25680542
4724,2024-11-27 11:18:40.615066,0.20884699
4727,2022-10-07 13:07:27.177886,0.3450792
4729,2022-11-25 19:20:26.956768,0.15205644
4734,2024-10-20 11:21:03.458945,0.30070138
4743,2022-06-19 07:41:27.404896,0.44680774
4749,2022-08-25 14:38:26.030280,0.30240405
4752,2022-05-28 12:35:42.924570,0.5457803
4761,2024-08-13 11:43:29.777330,0.26861408
4765,2024-07-24 14:33:23.152689,0.46562558
4771,2024-09-15 15:42:48.125212,0.21035475
4785,2022-08-25 08:45:33.713972,0.30835643
4791,2022-09-02 11:04:07.199820,0.30545115
4792,2022-06-10 13:13:36.906431,0.4608075
4793,2022-10-21 13:31:07.647620,0.2140918
4801,2024-08-17 05:52:18.450975,0.22402795
4811,2022-11-18 08:39:45.850616,0.4143941
4814,2023-05-24 06:25:40.846404,0.20962895
4820,2023-07-23 08:27:42.691788,0.31655404
4821,2024-11-11 11:59:29.255390,0.35169017
4822,2023-07-12 18:47:57.508369,0.3232725
4823,2023-03-28 11:19:01.937050,0.2684297
4824,2022-06-07 03:13:32.178499,0.44515312
4834,2022-07-23 07:21:31.256250,0.39959764
4844,2022-07-01 18:41:17.724010,0.18867454
4845,2023-11-28 10:02:13.270746,0.33356902
4847,2025-01-07 20:13:50.745009,0.20635828
4850,2024-08-28 03:11:08.713349,0.3592588
4860,2022-08-20 13:15:45.096425,0.23567462
4873,2022-04-02 20:51:22.886780,0.4079367
4884,2023-07-04 05:32:23.637256,0.28327182
4885,2023-08-25 08:53:46.017350,0.22309735
4886,2022-05-11 14:29:41.593828,0.54449743
4898,2024-09-27 10:15:35.994979,0.28963977
4909,2022-06-18 17:32:59.896431,0.48297343
4910,2023-07-19 04:50:10.065318,0.15038861
4913,2023-06-12 15:04:43.025110,0.1814416
4914,2023-02-09 17:05:17.576341,0.21245174
4921,2022-05-29 05:11:30.040125,0.6441231
4927,2022-06-01 12:29:08.989879,0.4345364
4933,2023-05-09 08:52:52.210776,0.14502686
4934,2024-04-04 22:22:07.834453,0.22220178
4944,2024-12-26 05:25:28.709259,0.46346915
4947,2024-04-10 12:30:30.735559,0.30961168
4948,2022-05-25 05:28:07.275582,0.46443725
4949,2023-10-09 05:14:22.486866,0.20905288
4953,2022-04-24 11:45:32.366873,0.33633706
4955,2022-05-27 04:41:47.735149,0.18971805
4956,2022-09-24 10:37:14.131284,0.24713272
4958,2022-04-02 20:16:23.768641,0.37251285
4961,2024-07-24 13:34:25.399993,0.3332438
4965,2024-02-05 06:41:12.155167,0.35846245
4969,2022-05-17 09:05:12.201170,0.467908
4970,2022-06-22 19:15:50.076929,0.54789764
4972,2022-06-01 18:54:16.869657,0.7482759
4975,2022-09-23 10:03:44.573208,0.19325092
4976,2025-01-24 09:29:18.984758,0.41497827
4984,2022-06-24 08:43:27.471292,0.5258721
5003,2022-08-20 10:40:57.891408,0.40738565
5010,2024-11-24 13:35:14.373096,0.16915555
5035,2022-06-21 05:12:02.988519,0.6486738
5036,2022-04-15 08:10:53.683201,0.43106323
5038,2024-09-21 06:16:17.888892,0.16741876
5046,2025-02-05 12:54:25.283839,0.35128343
5047,2022-08-08 10:31:07.078256,0.498046
5065,2024-04-05 02:39:43.065868,0.313702
5072,2022-06-21 10:41:08.058786,0.36791012
5074,2024-03-06 15:16:12.071553,0.31364313
5080,2022-08-29 05:11:08.094024,0.5108294
5093,2023-11-05 16:04:40.013398,0.2525611
5096,2023-10-09 12:40:23.724678,0.556194
5113,2023-08-27 12:08:41.852809,0.2983656
5122,2022-04-18 15:08:58.480480,0.27077892
5124,2022-08-14 03:57:27.789646,0.30305806
5133,2024-08-07 06:08:55.095123,0.26275772
5146,2022-07-04 13:53:59.511703,0.4684322
5158,2022-06-20 04:18:26.937610,0.39267844
5169,2024-07-17 08:36:03.704284,0.2891437
5173,2022-03-28 12:56:42.264559,0.41937098
5177,2024-10-08 20:42:47.140564,0.43631735
5179,2024-12-13 11:08:49.912076,0.36818507
5180,2024-11-10 19:49:46.522523,0.32755107
5185,2025-03-04 18:06:19.217446,0.24558227
5188,2024-10-24 07:33:00.087745,0.26271957
5194,2022-08-06 20:10:39.168803,0.34876993
5197,2023-03-06 09:42:19.112953,0.121040605
5199,2022-09-24 04:56:29.234061,0.41885397
5204,2022-06-18 16:56:01.166691,0.32829487
5206,2022-10-19 12:50:14.249725,0.20357952
5210,2024-07-05 12:53:01.917284,0.56340003
5212,2025-02-19 10:25:55.456901,0.32424188
5218,2024-11-28 09:59:55.007801,0.19573027
5220,2023-09-28 09:55:34.574042,0.32549152
5226,2022-06-06 10:29:07.591154,0.43067467
5229,2024-04-01 08:56:55.275543,0.34519628
5230,2023-02-18 04:55:54.840999,0.34402773
5234,2024-12-19 04:22:40.817342,0.21828726
5235,2022-08-27 11:39:36.771536,0.19265927
5238,2024-05-07 17:04:31.779711,0.31150436
5241,2024-08-13 18:10:05.830576,0.369043
5246,2024-12-22 10:26:06.298907,0.2712106
5247,2022-02-25 10:34:27.628035,0.3716402
5262,2025-02-22 07:41:20.180936,0.3369036
5264,2024-04-03 11:15:38.429708,0.32874298
5268,2023-08-01 21:36:15.106145,0.15073933
5273,2022-07-19 06:48:29.643719,0.4103753
5275,2022-06-15 08:09:03.545045,0.3803096
5279,2024-03-17 15:15:17.813052,0.29244366
5281,2023-08-27 10:06:04.272363,0.18474633
5283,2024-11-21 17:31:06.395653,0.40468764
5290,2024-09-06 06:08:13.664513,0.36689654
5295,2022-05-22 08:49:25.250261,0.42533734
5297,2024-03-19 08:26:56.695866,0.290887
5299,2022-07-23 18:50:34.969856,0.23736285
5311,2022-06-19 07:14:17.125870,0.4528675
5314,2024-01-21 05:25:49.822072,0.42452237
5315,2022-04-18 17:48:43.675396,0.5087131
5322,2024-11-03 07:46:39.279347,0.27562556
5326,2022-06-22 06:35:58.623836,0.5049461
5329,2024-08-11 13:22:51.337086,0.22077425
5332,2024-01-05 07:01:39.619129,0.2815775
5334,2023-08-17 07:12:01.540620,0.27005228
5337,2022-07-19 07:10:29.746650,0.35350063
5339,2023-03-13 07:23:29.273396,0.34634218
5340,2023-03-21 14:53:41.392071,0.56665385
5341,2025-01-16 14:13:16.040858,0.20310283
5342,2022-08-20 13:47:16.789102,0.30944142
5343,2024-06-06 16:58:38.627714,0.27290422
5345,2024-10-12 17:07:28.021931,0.24850705
5349,2022-09-01 11:15:52.591972,0.33331776
5350,2023-02-15 19:27:48.819893,0.51625896
5353,2022-09-03 19:09:30.227112,0.2797438
5358,2022-05-24 16:24:51.758707,0.46260637
5372,2024-05-19 05:15:00.636765,0.33753663
5373,2022-06-26 08:31:26.522628,0.38048625
5379,2022-05-31 07:56:08.928712,0.45507157
5382,2024-09-29 15:32:43.037350,0.36282328
5383,2022-06-21 12:46:00.567078,0.50897753
5387,2023-03-13 08:13:09.294953,0.2678249
5404,2023-08-27 13:17:00.727640,0.25315207
5405,2023-02-14 11:12:22.054746,0.24622211
5406,2024-11-08 12:02:22.092028,0.17197913
5410,2022-08-30 09:43:53.342355,0.34751725
5414,2022-09-08 06:03:39.567322,0.23910864
5415,2023-06-18 06:57:58.682950,0.26139396
5416,2022-04-24 06:34:08.527762,0.43285754
5417,2022-08-27 08:16:31.526124,0.4538896
5419,2025-02-13 07:21:43.706305,0.2101868
5427,2022-08-10 18:06:45.380722,0.3197826
5437,2023-07-21 16:56:03.222719,0.33844826
5447,2022-03-27 06:48:22.992189,0.5187097
5450,2022-08-21 10:33:31.069462,0.34266362
5459,2025-01-24 09:09:02.409906,0.22638282
5467,2025-01-29 17:47:16.605530,0.17541446
5470,2023-05-23 18:30:52.617635,0.35048604
5471,2022-06-24 08:33:56.686175,0.4058973
5472,2024-04-10 07:24:46.395621,0.227188
5475,2023-10-10 12:49:54.749224,0.13610455
5476,2022-05-20 12:21:39.122166,0.38291654
5485,2023-04-18 11:58:54.892179,0.34439564
5486,2022-04-10 12:38:16.119473,0.261703
5500,2023-05-18 09:59:54.326314,0.20294487
5503,2024-09-23 10:51:34.960767,0.3215999
5504,2025-01-21 10:04:35.929258,0.28071684
5506,2024-05-21 14:41:17.836370,0.2810988
5511,2022-06-25 09:32:26.087416,0.15096611
5514,2024-07-11 04:30:38.591154,0.22396359
5519,2025-02-17 05:54:33.850421,0.27935624
5525,2022-09-19 16:53:35.526928,0.35463676
5526,2023-04-01 20:59:48.179961,0.2523201
5530,2024-10-24 12:07:24.295887,0.27290225
5535,2025-01-30 04:08:08.979547,0.38955572
5539,2022-06-14 14:52:35.438621,0.32363224
5544,2023-12-30 21:08:12.886652,0.2513107
5547,2022-10-03 04:54:53.012992,0.288994
5553,2022-05-03 08:55:22.014988,0.33489907
5555,2022-06-13 09:11:31.432891,0.43636447
5561,2023-05-10 07:48:20.826093,0.26199675
5564,2023-02-21 08:35:26.988296,0.19904052
5566,2023-02-03 06:16:30.927737,0.39272705
5580,2024-04-25 13:44:16.073896,0.27915347
5589,2022-04-04 11:13:50.510829,0.39176184
5590,2022-06-03 11:23:54.704401,0.30889213
5596,2023-06-28 09:19:23.403344,0.29708317
5603,2024-08-15 09:53:08.961828,0.3625203
5609,2022-06-20 08:51:06.746813,0.27907994
5613,2024-12-31 16:06:51.688015,0.14744101
5618,2022-05-23 16:04:32.200320,0.52695286
5624,2022-06-09 13:09:47.773953,0.44430467
5632,2022-08-14 11:52:12.931143,0.38810077
5643,2022-07-05 01:27:57.229369,0.46633896
5648,2023-03-27 11:05:12.792071,0.35334045
5653,2023-08-14 15:53:11.227944,0.25313088
5657,2024-11-25 11:43:12.261830,0.28608307
5658,2022-03-14 06:06:45.276757,0.26751494
5661,2024-01-04 14:21:19.041486,0.5132249
5663,2023-08-22 10:41:25.337270,0.26630503
5665,2022-06-15 11:48:12.976703,0.39657918
5670,2022-10-26 10:12:41.368300,0.2714568
5680,2024-06-23 16:31:33.606450,0.30775544
5684,2022-09-21 15:01:30.326063,0.31499398
5688,2022-05-26 11:06:43.275388,0.19009909
5703,2023-04-05 11:12:19.867668,0.16585049
5706,2024-11-09 15:51:03.495290,0.25659624
5710,2024-10-29 08:33:47.950250,0.33269876
5716,2024-07-17 05:50:38.006706,0.41477627
5717,2022-09-13 06:51:47.090415,0.19359712
5720,2023-07-27 10:59:30.384455,0.18917608
5721,2023-07-06 12:31:09.074295,0.2078092
5723,2024-11-25 08:01:17.265883,0.3645713
5734,2024-05-11 18:47:20.086510,0.39597824
5747,2024-02-18 07:56:58.129372,0.32590836
5754,2022-10-07 04:19:38.451923,0.25951827
5767,2022-08-18 08:58:55.693331,0.40433154
5770,2022-07-21 17:58:43.087474,0.32369334
5771,2022-06-13 05:39:50.632803,0.4877775
5775,2022-10-03 17:44:09.135846,0.33096635
5776,2022-06-15 17:19:13.119443,0.2332022
5781,2022-06-06 05:22:54.699831,0.4323815
5791,2022-04-29 08:12:08.007577,0.4655785
5799,2022-10-19 12:15:09.684578,0.44903627
5804,2022-06-05 08:13:06.219764,0.35781157
5806,2022-06-15 11:44:20.681129,0.36243603
5811,2022-07-03 11:02:05.667747,0.33277336
5812,2024-04-09 07:51:51.344511,0.35355523
5816,2022-09-09 08:55:54.025514,0.63651186
5819,2024-02-06 22:43:54.022586,0.23283838
5823,2024-05-22 15:54:35.562465,0.35009733
5826,2024-09-11 06:54:45.108033,0.30801624
5835,2022-05-24 06:48:25.478983,0.4026035
5839,2025-02-14 17:58:42.387553,0.45054382
5844,2022-09-23 12:49:10.480264,0.19439012
5845,2025-01-15 15:21:36.615173,0.3323539
5848,2024-07-25 07:20:52.948016,0.5988458
5863,2022-05-27 16:27:23.367008,0.4312507
5864,2022-07-13 09:56:42.611552,0.36623454
5865,2022-08-29 12:29:50.094044,0.25990778
5866,2024-04-06 06:01:47.241177,0.1916921
5876,2022-06-14 07:16:11.747852,0.38798407
5910,2024-09-24 10:40:28.196048,0.2373203
5920,2022-05-19 03:52:18.478215,0.61110145
5923,2022-03-26 18:49:08.007913,0.4963724
5931,2022-05-19 10:05:14.446138,0.31895092
5932,2023-04-02 12:55:48.403576,0.31834888
5933,2023-03-07 05:46:54.953539,0.41989666
5946,2025-02-09 20:18:45.475798,0.41638264
5947,2023-05-12 09:39:08.951153,0.25003123
5955,2022-06-11 05:15:05.092300,0.24985543
5963,2024-11-25 22:17:09.413465,0.35078618
5964,2024-07-29 15:04:09.520610,0.30510876
5965,2023-05-21 12:28:56.640928,0.61799026
5984,2022-07-04 15:04:21.387025,0.4085948
5985,2024-12-10 20:52:58.649210,0.34408396
5986,2023-05-13 09:52:07.243426,0.6094119
5987,2023-05-17 10:59:52.760685,0.1783385
5996,2022-07-02 17:48:50.722403,0.22406821
6005,2024-03-23 13:52:17.013632,0.24261041
6013,2024-10-20 11:02:42.159527,0.68590045
6026,2022-05-31 08:22:57.524135,0.37492147
6030,2022-12-30 08:22:24.607294,0.4360832
6040,2025-01-10 13:45:03.991785,0.20580697
6041,2022-06-24 16:25:41.948849,0.4501107
6042,2024-08-08 06:33:57.252047,0.31676415
6043,2023-11-09 14:15:29.486111,0.515362
6050,2024-06-16 07:12:39.025970,0.36622885
6052,2022-08-07 11:01:26.300795,0.34900787
6057,2024-12-30 14:45:46.295454,0.2545302
6064,2025-02-19 04:53:27.340239,0.1488736
6066,2024-10-26 05:48:17.043236,0.26508838
6075,2023-08-14 05:31:13.209885,0.53765494
6076,2023-08-10 10:04:24.679779,0.37762684
6089,2022-10-02 08:54:38.453584,0.3265169
6090,2022-06-24 09:32:23.049976,0.5269725
6093,2022-06-23 07:21:56.794018,0.2893891
6106,2023-08-23 10:36:15.424010,0.3022482
6109,2025-01-16 15:33:56.972118,0.2160891
6115,2024-04-11 08:46:33.219954,0.3009616
6116,2024-06-13 08:46:02.760644,0.28868812
6125,2023-05-02 09:29:48.641051,0.3956874
6126,2022-07-07 09:10:21.908131,0.40119836
6139,2022-06-26 11:35:04.333516,0.27757913
6142,2023-04-22 07:04:54.729853,0.33865425
6144,2024-11-08 15:39:16.884390,0.402272
6145,2022-05-26 06:17:24.276363,0.2696015
6148,2024-10-20 15:33:00.296198,0.3557904
6151,2022-08-21 16:22:54.469427,0.20882165
6156,2022-06-13 06:38:44.144900,0.4566341
6164,2022-07-08 12:57:51.478558,0.42754886
6169,2022-04-22 04:54:23.466842,0.33381265
6173,2023-04-18 11:02:42.448685,0.32901803
6175,2022-06-02 13:54:18.011554,0.46897185
6177,2024-07-11 07:43:56.653931,0.37858695
6179,2022-03-29 07:56:57.071068,0.4460142
6184,2022-09-08 16:51:15.380908,0.54654604
6189,2023-07-29 18:46:09.934249,0.44413656
6195,2022-06-11 21:04:46.231949,0.38283196
6200,2022-07-28 13:02:45.192337,0.30112138
6213,2022-09-09 08:00:31.483794,0.46948785
6214,2024-11-12 08:57:32.185760,0.21131068
6219,2025-01-31 04:56:15.793362,0.34236696
6220,2023-11-13 12:59:31.141581,0.31950495
6221,2023-08-16 15:34:18.681825,0.35770777
6224,2023-06-04 11:49:17.068739,0.37588516
6225,2024-05-08 07:54:27.707868,0.2594526
6228,2023-07-15 07:45:12.771390,0.12815444
6230,2024-11-21 14:58:13.099791,0.5564483
6231,2022-06-22 09:32:52.973673,0.1837432
6232,2022-07-06 09:45:53.548322,0.24882272
6238,2024-09-08 10:45:20.354561,0.48068097
6240,2022-07-19 08:08:08.380207,0.18447831
6244,2023-06-24 08:51:51.566121,0.2703217
6248,2023-04-08 07:11:51.158436,0.10620165
6250,2024-02-11 15:15:52.106402,0.4004851
6252,2023-03-04 12:21:58.690751,0.34443212
6258,2024-05-27 06:59:10.513750,0.28332064
6261,2024-10-09 08:45:32.432687,0.1679952
6263,2024-05-06 14:27:33.695163,0.47573453
6271,2022-08-28 08:19:09.890359,0.38111818
6277,2022-09-24 07:18:01.535332,0.31099167
6281,2022-06-01 10:52:29.152765,0.38114688
6287,2022-04-21 05:20:19.213926,0.24447824
6288,2022-10-22 19:50:04.006152,0.23359954
6290,2023-08-31 10:49:43.300531,0.36899954
6305,2024-12-20 14:27:56.255691,0.293576
6315,2022-07-31 09:54:25.087767,0.45972925
6319,2022-08-05 17:21:42.214568,0.1869614
6322,2024-10-14 04:56:21.804583,0.25078532
6324,2024-09-20 11:01:14.333879,0.16541322
6331,2024-09-27 05:19:34.167282,0.32503158
6333,2024-01-22 11:55:30.465877,0.32940266
6335,2022-06-29 08:00:25.687822,0.40953562
6341,2022-10-27 16:01:29.670807,0.20638306
6351,2022-08-15 08:05:34.304475,0.44042817
6356,2024-01-23 13:12:53.024484,0.476686
6359,2023-03-31 10:25:54.693975,0.3745312
6361,2022-05-20 17:34:09.969390,0.60902476
6362,2022-09-22 19:32:39.292885,0.45800334
6369,2023-03-12 11:12:55.006860,0.28110987
6378,2023-05-04 09:03:34.805173,0.33030242
6401,2025-02-21 21:33:02.430173,0.21852641
6402,2025-01-31 16:56:40.512767,0.17181234
6408,2023-01-29 06:07:09.157327,0.34208387
6413,2023-08-10 13:53:23.239266,0.12341398
6443,2023-04-06 07:41:16.960059,0.40092713
6444,2022-05-15 20:16:18.967794,0.46545404
6445,2023-03-21 05:25:16.519166,0.526369
6451,2022-06-12 06:59:44.088129,0.49792486
6459,2023-03-15 16:22:32.841591,0.38336885
6463,2024-09-06 18:09:49.615029,0.27936706
6471,2024-07-07 06:27:55.178366,0.4305546
6487,2023-03-30 20:05:32.589017,0.3701621
6491,2024-05-22 10:52:05.775534,0.37348142
6496,2023-06-20 17:13:03.938927,0.25928086
6497,2022-06-06 06:04:54.277279,0.51286376
6498,2024-12-13 16:43:01.387011,0.27309254
6499,2022-06-05 10:17:09.513675,0.27564344
6507,2023-06-21 20:04:45.410012,0.36542365
6511,2022-05-26 10:36:17.261829,0.20568033
6512,2022-08-30 14:00:14.886293,0.36579895
6527,2024-05-23 14:30:08.063142,0.36239713
6529,2023-08-13 08:17:45.842001,0.20888357
6530,2024-09-06 03:49:14.939353,0.21020624
6537,2024-01-16 09:15:10.599688,0.45546308
6540,2024-05-01 13:48:04.063234,0.25641772
6548,2023-10-14 07:21:19.608768,0.4627358
6556,2024-12-14 17:36:12.065101,0.44325426
6563,2022-07-30 13:14:56.401532,0.48505253
6564,2025-01-19 16:10:04.330026,0.260684
6567,2025-01-12 09:35:40.553215,0.27404213
6568,2024-11-08 08:03:08.804533,0.22962804
6578,2023-02-11 05:40:46.057956,0.21722169
6584,2024-04-10 10:48:30.881780,0.29086444
6587,2022-05-21 19:44:16.733439,0.35810912
6594,2022-05-30 06:03:51.434127,0.57713103
6598,2023-06-29 05:35:16.184449,0.36178228
6608,2022-08-25 08:48:59.006333,0.2641611
6621,2023-03-07 16:31:01.948905,0.14532863
6626,2024-12-04 03:37:05.442658,0.16642591
6632,2022-07-16 04:58:50.323361,0.3518456
6636,2024-07-03 12:02:12.591897,0.27884284
6638,2022-03-25 11:15:02.366142,0.47025895
6640,2024-07-29 14:04:08.900555,0.4353165
6642,2022-08-05 12:55:42.395765,0.42512563
6646,2023-07-14 11:23:46.716350,0.4027166
6647,2023-01-14 16:34:15.236891,0.38129842
6650,2024-10-27 15:59:25.216348,0.40804243
6661,2024-10-16 15:10:41.063039,0.45490608
6662,2022-09-03 11:27:34.988174,0.28390548
6663,2022-07-25 09:37:57.637032,0.43139884
6664,2023-03-21 07:42:04.919077,0.2227964
6666,2022-07-05 10:47:08.850922,0.23964691
6673,2022-05-13 04:19:59.873783,0.44280455
6674,2023-05-01 17:07:53.850293,0.19517247
6675,2024-12-17 20:07:12.321296,0.25695834
6679,2022-05-12 12:03:07.061652,0.4070182
6681,2025-01-20 16:23:05.496901,0.16256252
6682,2024-06-29 09:10:40.668155,0.34221643
6696,2025-02-14 17:17:57.243072,0.4375587
6705,2023-01-23 06:48:20.873138,0.29189837
6707,2022-07-06 15:17:32.345609,0.18785036
6721,2022-07-11 11:13:59.211571,0.50871575
6729,2022-06-06 17:44:42.335092,0.4330652
6730,2023-08-12 16:30:53.728961,0.38681495
6732,2023-04-02 16:59:30.651405,0.20567848
6737,2022-03-09 06:56:33.804638,0.342081
6739,2022-05-27 14:35:51.035344,0.4196549
6748,2022-06-20 06:11:13.012344,0.40946063
6750,2022-05-28 06:11:32.625279,0.6051759
6754,2024-07-23 06:19:58.092897,0.28558075
6756,2022-09-16 14:21:39.013245,0.34192342
6757,2023-04-26 16:01:46.528522,0.1996613
6766,2022-04-28 12:33:04.862368,0.42527935
6769,2024-08-27 12:49:23.421938,0.27759585
6771,2022-11-07 12:43:40.921046,0.42533258
6776,2024-09-28 07:39:02.907937,0.36209673
6788,2024-09-02 18:14:32.636513,0.38893777
6794,2024-04-21 09:15:10.828107,0.17991492
6801,2023-02-15 09:33:28.518797,0.2369394
6803,2024-07-14 15:00:59.509372,0.5515805
6807,2025-01-23 18:28:42.357422,0.31003284
6808,2022-07-27 06:33:31.700587,0.2902948
6809,2024-08-01 03:32:50.634051,0.4040183
6821,2022-06-08 05:48:24.048789,0.60768753
6822,2024-07-27 06:45:35.270488,0.23669434
6828,2022-04-11 09:34:38.523760,0.35342714
6833,2022-05-19 17:25:27.885013,0.36521032
6839,2024-05-24 20:00:34.747021,0.28822672
6843,2022-09-28 06:21:22.637757,0.68843174
6847,2022-06-14 09:13:46.149083,0.46867403
6849,2023-02-16 13:00:16.744863,0.19348423
6852,2023-08-01 20:58:06.667019,0.21813463
6858,2022-05-08 12:46:40.333335,0.48547578
6861,2022-07-14 15:53:44.722696,0.27776915
6862,2023-10-20 20:07:39.075580,0.2510001
6875,2022-03-28 09:16:57.287944,0.58533597
6876,2025-01-23 10:23:46.248700,0.32732353
6880,2024-11-16 13:04:27.634886,0.117397144
6881,2022-08-23 12:25:31.350508,0.25466177
6894,2022-06-18 10:06:32.842355,0.4208824
6895,2022-05-19 14:41:44.109076,0.43877378
6896,2022-08-07 08:47:52.870131,0.51297015
6901,2024-10-25 13:15:21.163016,0.38384077
6920,2022-06-15 14:32:36.963026,0.4250591
6924,2024-01-17 17:35:24.973603,0.3159071
6926,2024-01-18 15:13:59.674439,0.336409
6946,2022-06-06 07:04:53.557341,0.45851094
6954,2022-08-01 19:24:47.375082,0.35257974
6957,2022-10-12 14:31:26.395104,0.4517226
6963,2024-07-21 05:56:58.607243,0.3162988
6975,2023-12-06 03:21:22.391816,0.5432606
6983,2022-07-17 05:12:33.826327,0.31256887
6985,2024-05-26 06:03:47.345075,0.26562375
6996,2022-06-02 10:49:22.258369,0.44868177
6998,2023-12-24 11:07:41.631353,0.31703013
7010,2023-12-06 06:38:56.436670,0.36371866
7013,2023-07-23 06:51:52.232795,0.5200779
7016,2022-09-16 13:53:12.032530,0.46010557
7031,2022-08-23 14:18:39.394363,0.38544446
7040,2022-09-29 11:25:33.563966,0.17521791
7051,2022-08-03 14:19:38.558592,0.31480435
7052,2025-01-23 10:16:46.664364,0.30603814
7060,2022-05-20 12:56:46.412998,0.3833306
7066,2025-02-04 13:34:40.452012,0.27073172
7067,2024-03-10 08:29:02.125518,0.3940082
7068,2024-05-16 09:32:35.499958,0.34901232
7069,2022-06-09 06:50:16.909109,0.39677003
7076,2022-10-12 12:17:45.803401,0.25670105
7077,2023-05-24 12:43:35.079129,0.15729526
7079,2024-12-11 11:25:42.666357,0.23221774
7081,2024-07-30 11:30:51.307738,0.41358802
7084,2024-12-14 16:41:11.355447,0.24392253
7089,2025-01-11 19:05:01.760694,0.15266843
7093,2023-08-18 12:40:39.645634,0.4534617
7094,2023-08-01 09:01:38.121361,0.3170343
7095,2022-09-16 22:40:56.530275,0.50596076
7096,2024-06-14 14:03:47.547133,0.35292408
7104,2022-05-13 10:00:55.139716,0.4297301
7109,2022-04-06 08:38:01.021021,0.215811
7117,2024-09-03 12:57:18.697127,0.35386455
7126,2024-09-12 07:49:09.549718,0.16952065
7128,2024-03-15 17:04:52.233713,0.32973605
7134,2022-06-18 07:51:39.913702,0.41771385
7138,2022-08-01 05:20:31.272363,0.15447007
7155,2022-06-29 06:55:59.340546,0.27279466
7158,2022-06-17 10:41:04.951021,0.46216372
7165,2023-03-19 16:19:36.523599,0.11136414
7170,2024-01-15 09:36:24.826147,0.6686665
7173,2022-06-04 10:17:27.322250,0.42840523
7176,2024-09-09 18:48:13.517989,0.31463212
7178,2024-07-06 19:58:47.199011,0.22610949
7184,2022-08-10 14:23:02.563165,0.37060064
7196,2022-03-28 15:37:27.280730,0.24631876
7202,2023-11-01 06:23:39.639706,0.1223128
7203,2023-10-11 12:27:23.008779,0.6686062
7205,2022-07-25 09:47:00.790781,0.51811343
7215,2022-08-17 17:17:59.966986,0.20629749
7217,2022-04-13 19:37:48.981436,0.42024973
7219,2022-06-12 12:48:54.268460,0.5245604
7221,2025-02-06 14:04:20.066077,0.17066996
7222,2022-06-22 13:15:40.222719,0.41511494
7224,2023-08-04 05:36:13.536765,0.4726349
7226,2024-05-18 11:17:25.431190,0.27083495
7238,2024-01-11 05:41:01.574688,0.29360566
7241,2022-03-17 07:38:22.269496,0.40839928
7259,2024-11-06 11:40:10.800729,0.19294894
7260,2025-02-06 09:49:04.592797,0.24252786
7267,2022-06-08 18:28:13.979308,0.3006793
7271,2022-07-13 12:47:02.106230,0.4427185
7283,2023-01-28 09:27:52.749839,0.30160347
7285,2024-08-22 07:14:11.519018,0.4576898
7287,2022-04-21 05:40:59.010416,0.5343532
7288,2022-05-23 14:58:30.624070,0.505142
7290,2023-07-15 14:48:04.989929,0.45129964
7299,2023-05-20 18:29:36.805460,0.17026298
7302,2022-09-08 10:32:18.196486,0.6788437
7313,2022-07-24 09:04:48.942633,0.4042264
7318,2022-08-28 12:08:05.741397,0.31834993
7336,2022-03-23 10:41:31.770336,0.54318845
7338,2023-03-05 05:41:18.443400,0.31267267
7339,2025-01-26 16:02:41.937766,0.2776611
7340,2022-04-21 16:22:19.700097,0.4398137
7344,2024-10-24 16:43:15.862525,0.35232234
7347,2022-10-24 17:10:38.398962,0.58529794
7358,2024-10-30 09:32:10.881937,0.35682642
7359,2022-08-13 09:38:44.392811,0.23125239
7362,2024-10-30 15:46:40.466014,0.25133243
7371,2023-05-27 14:58:51.165553,0.17390971
7376,2024-08-19 15:06:57.341515,0.60700995
7379,2022-08-27 11:27:11.117379,0.43212822
7395,2022-08-30 09:30:33.000763,0.4018646
7398,2025-02-20 15:11:23.393605,0.44384828
7405,2022-09-15 05:24:58.545556,0.34062874
7407,2023-11-30 18:59:17.016625,0.25684798
7411,2024-08-23 15:27:40.269470,0.24902402
7414,2022-06-03 13:43:33.825292,0.2026581
7422,2022-05-17 02:58:08.611035,0.4363221
7423,2024-05-01 04:41:14.443233,0.26304328
7425,2024-07-31 17:00:01.534511,0.36090803
7427,2022-08-25 13:49:05.121954,0.3774677
7431,2023-07-20 11:01:16.540167,0.22169094
7435,2023-05-24 05:35:00.514862,0.3462957
7440,2024-04-08 09:12:26.219370,0.30992842
7442,2023-11-20 12:40:08.513323,0.38820997
7460,2024-12-08 19:14:10.422990,0.17427523
7462,2023-06-09 06:26:46.964175,0.32324922
7463,2024-10-04 17:21:15.505439,0.2821777
7464,2022-06-14 06:55:49.935162,0.3846776
7467,2022-06-05 13:11:35.629618,0.40622193
7475,2023-05-12 09:26:36.458665,0.18906122
7477,2022-08-27 09:27:04.966727,0.42284402
7478,2022-06-16 23:17:40.582539,0.3358719
7487,2024-10-01 10:59:04.759452,0.38184988
7493,2024-05-14 11:40:20.103041,0.5867899
7497,2024-08-30 10:12:47.396565,0.38667575
7500,2023-10-08 10:12:27.464346,0.1700116
7502,2024-06-13 06:34:01.945307,0.31395292
7505,2023-06-08 09:46:20.377540,0.40137
7515,2024-10-23 02:59:57.707762,0.26782122
7518,2024-06-08 09:37:16.968788,0.40249914
7523,2024-12-08 12:37:41.370435,0.38431472
7524,2023-05-19 07:16:52.034475,0.32731205
7530,2023-10-16 11:01:09.694832,0.4723204
7536,2023-07-13 17:54:10.877292,0.20899929
7537,2022-07-06 15:50:11.668449,0.29896206
7538,2022-05-17 05:37:52.832390,0.4637191
7540,2024-09-23 05:39:07.620921,0.2528717
7544,2022-05-13 11:06:37.051559,0.22026668
7552,2024-11-05 12:36:27.816825,0.1697938
7565,2025-02-19 02:29:20.046141,0.2576978
7567,2024-12-29 17:21:47.660221,0.17554781
7572,2024-02-26 08:35:14.320168,0.30521256
7578,2024-10-07 18:48:58.411477,0.20865901
7583,2024-12-19 09:46:37.712251,0.33321172
7584,2023-09-01 12:13:11.515746,0.29146183
7585,2023-08-28 09:23:47.459526,0.19664405
7592,2024-10-22 07:19:50.618713,0.40162247
7595,2022-04-15 19:51:24.639293,0.37042361
7602,2024-08-13 05:28:52.993086,0.23266502
7603,2023-07-21 18:54:44.617569,0.3790397
7604,2022-02-25 10:44:50.539951,0.49857724
7606,2022-05-13 15:11:41.938879,0.5623249
7609,2022-06-15 13:19:28.511884,0.36403802
7610,2025-02-15 15:25:17.175168,0.26321155
7613,2022-06-10 13:11:21.391778,0.42969593
7614,2023-07-20 15:17:21.504433,0.42941067
7619,2023-07-09 07:42:40.614239,0.23828554
7623,2024-05-19 06:21:41.146341,0.30238196
7630,2024-07-29 14:58:35.497561,0.22201516
7633,2024-07-23 11:14:45.445213,0.35106352
7638,2023-03-15 09:14:30.904618,0.3289665
7640,2022-07-18 17:02:25.987343,0.25520027
7648,2023-07-22 18:32:26.302680,0.28911537
7649,2022-08-20 08:17:41.408747,0.24751417
7654,2024-11-22 12:10:12.017079,0.3721705
7656,2025-01-12 10:39:15.097014,0.29373118
7683,2023-09-12 12:40:01.315269,0.38045546
7684,2023-11-15 14:06:08.309398,0.35001865
7694,2023-07-02 17:56:18.057863,0.20252742
7697,2022-05-20 08:33:27.970175,0.20475805
7720,2024-08-29 09:25:08.030262,0.40109244
7721,2024-03-28 08:46:45.718711,0.27503023
7723,2023-11-26 14:33:02.442849,0.6318084
7732,2023-11-14 08:49:01.317529,0.31964514
7736,2024-11-19 10:45:00.244956,0.4395818
7741,2022-04-17 07:15:55.748524,0.43254578
7764,2022-06-18 13:17:01.911134,0.30162716
7765,2022-07-24 12:05:54.878567,0.39607316
7782,2024-09-25 17:23:57.589932,0.32529637
7783,2022-12-06 09:40:26.846890,0.31928346
7785,2023-07-13 17:25:51.983912,0.18168956
7799,2022-08-05 21:06:54.797299,0.2741475
7806,2024-08-18 13:14:02.115344,0.26321474
7826,2022-05-12 15:48:18.051336,0.5007124
7829,2024-08-06 09:48:06.501649,0.32376885
7837,2024-06-16 09:36:56.413991,0.5430571
7838,2022-04-18 12:59:04.922688,0.3676099
7842,2022-06-02 11:34:37.491694,0.3344722
7853,2022-03-31 15:54:45.092644,0.6089612
7854,2024-09-17 09:49:45.678829,0.2742126
7858,2022-06-19 15:34:55.778324,0.4670586
7860,2025-02-15 06:44:40.632845,0.6792791
7865,2022-06-24 09:54:18.172449,0.2978385
7875,2023-04-11 09:43:59.191445,0.35599986
7883,2024-07-14 15:44:08.083723,0.4414819
7887,2022-06-03 11:49:18.069280,0.4806796
7902,2024-12-02 06:55:17.201223,0.31055242
7904,2022-07-24 15:34:06.804996,0.33343017
7906,2023-11-21 03:34:25.720691,0.27676642
7923,2023-07-05 10:24:22.147046,0.21437831
7928,2024-02-05 18:10:51.424590,0.44834435
7931,2024-11-20 09:46:59.367852,0.6640721
7936,2022-10-08 07:36:54.458850,0.35964632
7949,2022-08-02 13:58:07.075667,0.31614092
7953,2023-06-22 21:19:57.272547,0.37533453
7968,2024-09-06 13:36:09.908666,0.34111926
7975,2024-07-09 11:28:23.438608,0.56251645
7979,2023-04-03 17:38:17.778025,0.35451674
7997,2022-09-12 08:18:11.450388,0.2238613
8002,2022-04-19 05:42:19.675553,0.43791825
8003,2024-08-29 17:39:16.330416,0.38534743
8009,2022-07-09 04:16:33.460687,0.40158394
8012,2024-04-06 07:32:28.680335,0.14143522
8015,2024-08-14 08:15:20.495952,0.1439225
8016,2024-11-05 16:09:25.555972,0.25512812
8021,2023-08-14 16:18:43.144524,0.57186687
8024,2023-09-24 14:19:48.783606,0.60608894
8033,2024-12-12 07:32:09.364618,0.16268791
8034,2024-11-09 05:22:40.075476,0.33320916
8038,2023-09-19 12:52:13.216706,0.31621253
8043,2022-08-17 06:33:00.980246,0.24129467
8050,2023-08-31 08:05:50.659772,0.28773776
8055,2022-12-01 05:27:57.130093,0.5284133
8059,2022-06-15 07:08:25.331090,0.47625786
8073,2022-06-12 08:36:37.545632,0.48521665
8080,2022-07-24 06:56:11.387581,0.21199533
8082,2022-04-26 11:10:16.248462,0.47517562
8090,2022-09-21 12:56:16.210752,0.5434929
8095,2024-10-04 08:13:40.002065,0.3361181
8098,2025-02-05 09:31:27.945181,0.23477782
8100,2023-01-09 07:56:50.930839,0.53089976
8111,2024-09-26 18:21:52.955295,0.32412088
8124,2022-04-07 13:49:27.300740,0.27860686
8125,2025-01-29 12:16:38.848919,0.4151968
8131,2022-03-21 15:26:29.919430,0.41138712
8132,2022-11-15 15:40:49.622418,0.45941085
8133,2025-01-25 12:24:46.868456,0.24009478
8137,2023-02-28 11:21:46.592337,0.24771173
8139,2022-09-30 06:15:49.540930,0.3442448
8142,2024-03-07 09:49:24.137354,0.14226152
8144,2024-10-04 14:17:50.610250,0.34325498
8151,2023-08-09 17:38:32.263842,0.311022
8159,2022-06-06 13:34:16.331072,0.42109075
8161,2024-10-04 21:53:27.718185,0.110522754
8165,2024-05-13 08:50:14.926744,0.53040206
8169,2022-05-24 08:43:35.462067,0.1667924
8171,2024-04-10 12:11:58.719001,0.65829736
8172,2022-06-13 06:38:10.225024,0.44127154
8176,2025-02-18 14:30:31.628363,0.295714
8180,2022-03-23 05:49:37.860572,0.42915523
8181,2023-08-19 08:43:02.456656,0.22072686
8189,2022-08-10 17:27:27.551540,0.36664337
8192,2022-08-12 07:47:47.757565,0.24958406
8194,2025-01-10 14:01:16.454354,0.58579224
8198,2022-08-04 15:52:58.859556,0.2525389
8203,2024-08-31 15:49:13.399049,0.14983578
8205,2024-12-24 08:35:37.567149,0.2990509
8207,2023-11-16 17:49:09.927019,0.35442767
8214,2024-12-16 04:53:53.477353,0.37852618
8220,2024-09-22 20:24:57.961237,0.4842918
8222,2024-10-08 06:14:54.978992,0.23746571
8224,2024-06-09 09:04:35.503598,0.86249596
8232,2022-10-06 06:56:44.715083,0.39738122
8245,2022-04-04 09:17:53.863431,0.44606227
8246,2022-08-11 16:42:04.765331,0.37453538
8247,2023-11-11 17:30:39.839490,0.15941913
8248,2025-01-06 03:46:42.782011,0.40002084
8249,2023-02-25 12:24:54.439213,0.17580803
8255,2023-06-16 17:08:02.545808,0.15818074
8256,2024-12-23 07:43:39.845151,0.41121224
8258,2024-03-26 08:31:38.276167,0.35655203
8260,2024-07-27 13:08:04.728362,0.29274413
8265,2023-10-03 06:13:03.117279,0.55608594
8269,2022-05-16 07:49:24.983445,0.5013927
8270,2022-08-24 20:16:18.882384,0.4249166
8273,2022-06-25 19:08:54.598589,0.32193923
8277,2024-09-19 16:14:07.203746,0.85289615
8281,2022-06-13 18:13:18.731636,0.45174986
8287,2022-06-21 13:49:36.779443,0.31133303
8301,2024-08-16 14:23:06.662078,0.21082833
8313,2024-03-28 10:44:10.048743,0.36304677
8314,2022-05-31 09:48:53.266827,0.21547976
8318,2025-01-30 09:33:38.517523,0.3472654
8324,2022-06-14 06:11:07.462134,0.46348533
8328,2024-12-23 06:53:06.834095,0.32949573
8329,2022-06-20 07:21:37.614417,0.5346107
8338,2024-12-16 18:26:30.569126,0.2594333
8339,2022-08-22 07:43:00.894022,0.33052438
8344,2023-03-14 12:28:08.329993,0.28461495
8346,2023-11-17 13:46:52.283439,0.19591017
8354,2022-09-05 07:23:38.811581,0.4168504
8361,2024-05-21 20:54:50.379850,0.24590893
8362,2022-06-16 08:27:15.052362,0.37708706
8368,2024-09-19 12:18:36.549522,0.24711983
8380,2022-05-19 20:02:21.377396,0.35326365
8384,2024-09-19 08:11:37.443733,0.44302484
8385,2022-08-27 09:18:18.517234,0.30709806
8395,2022-08-18 10:25:20.498963,0.27438104
8399,2024-04-07 19:43:43.457413,0.52270657
8400,2022-05-26 21:48:49.077033,0.3389177
8403,2022-04-25 11:24:52.482302,0.64071447
8408,2022-06-09 07:41:17.866364,0.44618884
8413,2024-12-28 10:27:57.827346,0.28361338
8421,2022-04-09 15:33:27.407353,0.42221916
8422,2024-07-17 08:36:34.901469,0.27394158
8424,2022-10-14 14:25:25.276042,0.44877207
8428,2022-08-09 12:47:57.691635,0.35709968
8438,2024-08-04 06:27:41.352967,0.51132417
8441,2023-12-20 12:00:10.393879,0.3655067
8442,2022-06-15 09:23:40.528604,0.43738505
8445,2022-07-18 18:39:37.619577,0.37157822
8463,2022-05-25 20:53:58.542969,0.25089324
8473,2024-07-30 14:53:04.021921,0.36949039
8475,2024-08-22 09:50:02.408462,0.25362912
8476,2024-04-07 11:40:03.595641,0.18790765
8478,2022-02-15 22:34:49.148925,0.14335841
8480,2024-04-21 08:37:27.195460,0.4524917
8483,2024-12-23 13:22:09.360355,0.3518341
8484,2024-11-16 14:26:12.562540,0.32216397
8486,2022-04-17 12:14:44.486077,0.5306308
8495,2024-12-23 11:04:24.202086,0.28735572
8496,2024-05-26 16:39:50.928084,0.63637966
8502,2023-07-01 17:01:35.348020,0.58097494
8505,2022-06-25 14:30:24.418782,0.23830856
8515,2023-05-12 08:12:09.515094,0.213243
8525,2024-07-11 14:03:35.020358,0.23286848
8530,2023-07-16 09:32:58.200218,0.18489346
8540,2022-07-22 06:41:47.586203,0.5084917
8541,2023-04-29 05:17:45.863077,0.63774884
8542,2022-08-12 11:25:39.991636,0.28997427
8544,2023-09-11 03:32:42.625299,0.29950005
8566,2024-11-11 06:34:59.006438,0.44305825
8567,2022-05-27 12:35:33.773737,0.27144557
8571,2022-07-23 15:00:54.142369,0.33624896
8577,2022-08-10 08:28:25.107350,0.5872403
8580,2022-08-15 13:19:25.795815,0.3387561
8581,2023-03-14 16:44:45.909864,0.22237472
8582,2023-08-11 03:26:27.033909,0.14407174
8584,2022-04-18 06:47:14.383396,0.38621494
8585,2024-01-30 17:06:23.933269,0.3691512
8588,2024-10-31 13:53:18.206535,0.34796613
8589,2024-01-12 04:28:49.537344,0.7730004
8590,2023-12-10 10:39:14.225529,0.34624487
8592,2022-06-10 14:25:53.984683,0.58077824
8597,2022-07-28 14:54:00.985328,0.40969002
8598,2024-12-18 19:40:09.878923,0.55869776
8602,2022-06-28 10:31:38.415027,0.19713202
8604,2022-07-08 06:02:33.072801,0.38788834
8616,2022-06-06 07:06:21.712350,0.48677504
8619,2022-05-31 15:16:44.528715,0.44965476
8623,2024-08-06 14:16:42.231061,0.3061479
8624,2022-07-19 17:02:04.991826,0.3923266
8629,2022-09-15 04:30:30.761472,0.35806298
8631,2023-03-24 04:06:41.955110,0.27440053
8634,2022-05-01 11:16:26.767526,0.4548144
8638,2022-06-04 06:55:04.730156,0.3728924
8643,2022-10-01 10:24:31.048762,0.2972538
8647,2022-05-03 09:37:22.009978,0.4055663
8658,2022-10-17 21:44:07.914368,0.15430628
8661,2024-04-06 14:39:07.280268,0.49757808
8662,2022-08-28 12:24:54.727417,0.35266155
8676,2024-09-24 11:24:06.716843,0.28663072
8685,2022-06-08 17:57:14.962401,0.36546773
8694,2024-02-13 15:32:44.258077,0.25641122
8696,2024-12-06 12:41:05.579065,0.36056748
8700,2024-11-23 15:42:27.556687,0.23250951
8705,2022-08-19 17:34:41.100745,0.22807917
8714,2024-08-20 17:45:00.026104,0.17246284
8715,2024-07-07 08:35:31.106619,0.46893105
8716,2022-06-14 12:32:15.663335,0.42898485
8722,2024-08-30 10:06:38.793841,0.3111978
8723,2022-05-27 13:35:32.735958,0.36134708
8729,2022-07-23 02:35:06.128536,0.30491042
8737,2024-07-19 18:22:12.346767,0.37136394
8740,2024-08-20 14:04:26.401175,0.27842718
8744,2024-12-20 12:20:18.446164,0.24063224
8750,2024-11-28 06:19:21.116819,0.4255183
8751,2022-09-01 13:11:19.340281,0.2694219
8760,2023-08-19 08:33:05.074088,0.42232907
8763,2022-06-20 06:17:23.268691,0.5002726
8767,2022-07-15 08:41:20.482903,0.35017803
8771,2024-07-27 18:26:33.801661,0.27731887
8774,2022-08-05 09:11:39.322781,0.34182554
8775,2024-07-07 15:44:26.929866,0.30852425
8779,2022-11-03 12:40:39.891582,0.38592514
8782,2024-05-26 19:30:05.216503,0.39741722
8786,2023-11-10 15:34:13.499470,0.40110615
8791,2024-12-31 10:39:02.139042,0.40279326
8802,2022-03-31 10:00:15.116884,0.47593984
8809,2022-07-02 15:26:38.263588,0.39506254
8821,2022-07-25 12:22:03.237806,0.43260896
8831,2022-04-01 11:44:31.383000,0.633419
8833,2025-01-11 04:24:32.021821,0.5392013
8839,2025-02-01 18:32:03.793263,0.18035798
8843,2024-06-27 12:41:46.516493,0.43070787
8847,2024-07-04 05:40:54.497037,0.33640525
8848,2022-07-06 05:19:01.986716,0.21723503
8851,2022-07-06 10:06:34.793831,0.22090851
8852,2022-02-13 13:19:33.493225,0.4935315
8855,2024-06-04 18:59:01.777981,0.21601084
8864,2023-07-27 14:39:53.195927,0.553381
8865,2023-10-26 11:17:56.648452,0.40639776
8869,2024-07-19 13:51:42.816077,0.27027994
8873,2022-06-03 06:45:55.924318,0.3736471
8875,2022-06-03 11:07:28.730118,0.36952892
8883,2022-04-07 17:23:05.758730,0.50604326
8887,2025-01-20 13:13:13.346427,0.3513633
8897,2022-06-09 14:13:19.642991,0.41552746
8900,2023-06-27 16:35:02.989207,0.13180941
8902,2023-06-14 18:11:02.055209,0.28509614
8907,2024-01-10 21:11:16.157352,0.42768663
8919,2024-07-15 13:47:48.986810,0.40373468
8921,2022-04-07 10:49:04.750321,0.45194817
8922,2023-04-19 10:06:44.915585,0.31457546
8927,2024-11-02 08:23:05.132703,0.09998981
8936,2022-05-02 10:28:07.740048,0.37048408
8949,2025-02-28 11:42:08.115042,0.21348557
8957,2023-05-04 05:50:18.112966,0.18875092
8968,2022-08-30 11:48:50.408410,0.42092633
8972,2024-11-21 18:31:14.386391,0.17862591
8978,2022-08-17 17:07:54.113668,0.36697695
8986,2022-05-05 14:41:09.522830,0.47089827
8990,2024-11-12 07:34:18.210279,0.28373393
9005,2022-09-13 03:15:19.743809,0.38675958
9011,2023-11-10 16:09:56.239820,0.49873802
9020,2022-08-28 11:29:37.414416,0.38519314
9021,2024-07-13 06:07:33.515181,0.35357505
9023,2023-11-10 16:33:16.644594,0.4043794
9032,2022-06-24 07:28:25.738822,0.5513649
9039,2023-10-26 08:11:44.863816,0.35079363
9041,2022-05-03 02:03:16.287404,0.54248756
9043,2022-07-01 10:00:05.227419,0.36003876
9052,2023-08-09 05:20:52.984191,0.31643182
9058,2024-08-19 13:48:51.453687,0.21724468
9063,2024-09-14 17:15:44.154288,0.19818032
9077,2022-05-26 15:13:11.595323,0.19009478
9078,2022-07-16 05:44:06.974897,0.36000785
9082,2022-07-18 08:26:18.306941,0.3155917
9087,2023-10-08 09:01:23.098205,0.31371075
9089,2022-06-15 12:21:59.527865,0.42648774
9090,2024-06-25 11:41:44.846303,0.32827836
9091,2024-08-05 07:38:03.730592,0.25558543
9103,2022-04-16 21:30:39.973067,0.48926026
9104,2023-09-21 04:45:52.554437,0.17741431
9119,2023-02-23 08:04:04.533722,0.23357058
9120,2022-03-24 10:21:36.334439,0.22584595
9125,2023-03-12 15:43:50.094126,0.28866035
9136,2022-06-13 11:20:45.849708,0.22946113
9152,2022-07-20 04:42:10.361996,0.37591064
9154,2025-02-05 08:27:32.988940,0.29598746
9160,2023-06-25 15:26:26.729614,0.34521827
9161,2025-02-25 17:29:31.010455,0.35796085
9162,2024-03-28 09:23:21.891020,0.30752674
9164,2024-09-12 08:00:34.009118,0.2548091
9165,2024-11-10 18:31:46.568482,0.31163174
9166,2023-05-27 07:22:22.857459,0.21970414
9171,2025-03-05 14:03:02.342239,0.34282723
9172,2023-06-12 06:46:13.467417,0.51875436
9174,2024-11-15 09:56:06.461858,0.19482075
9175,2022-06-21 08:21:55.832381,0.42382795
9177,2022-06-29 04:32:33.675881,0.40705132
9180,2022-05-27 16:19:28.851468,0.39060596
9184,2024-05-28 12:46:26.019683,0.60004777
9189,2023-04-12 19:06:01.619377,0.47238153
9199,2023-01-06 15:54:52.424451,0.29105484
9201,2023-05-12 11:34:05.268498,0.4894605
9210,2022-12-26 07:18:01.226067,0.40198275
9211,2024-04-02 07:36:29.262705,0.4934061
9214,2024-09-12 08:27:20.572707,0.4491838
9217,2022-06-24 16:39:53.241447,0.6466409
9219,2023-01-12 19:30:27.812562,0.21185185
9220,2022-09-22 07:46:54.832266,0.41154382
9222,2024-06-23 22:33:43.583268,0.3292279
9225,2025-03-01 13:24:29.035687,0.24575503
9235,2022-06-14 17:49:02.139107,0.5939143
9237,2024-01-04 14:35:41.536742,0.45303422
9242,2022-05-25 11:49:39.487869,0.60521656
9243,2022-03-11 16:13:09.746729,0.3414579
9255,2023-03-16 08:08:08.506182,0.47341835
9259,2023-07-29 12:54:21.673095,0.6059181
9268,2022-05-30 17:04:27.007634,0.64559966
9278,2022-04-08 15:57:20.107238,0.5419482
9283,2023-08-16 16:28:32.213633,0.15731719
9290,2023-03-19 05:34:50.685062,0.27208257
9291,2023-12-25 06:55:57.253443,0.45572647
9296,2024-10-19 06:00:40.305246,0.3438
9297,2024-09-04 17:07:38.817935,0.35052252
9299,2022-08-18 09:15:51.609677,0.22583066
9305,2023-08-18 11:50:49.429112,0.298405
9309,2022-05-20 11:42:17.966983,0.39078426
9312,2023-07-04 16:55:32.798728,0.2081738
9316,2022-10-20 09:50:20.165740,0.57006955
9319,2024-12-13 14:25:38.213989,0.30904427
9320,2024-08-15 10:24:33.695867,0.33885875
9323,2022-12-07 08:29:08.791509,0.43180987
9332,2022-04-25 09:15:50.643535,0.449583
9333,2024-11-04 18:48:34.807198,0.21165304
9338,2024-07-18 03:01:07.273516,0.2213353
9341,2022-04-28 10:48:25.014113,0.49301675
9344,2024-09-25 13:33:16.865486,0.2812797
9349,2023-02-14 14:46:26.204975,0.3456753
9360,2022-10-22 10:11:49.577744,0.37709188
9362,2024-11-06 18:02:22.548861,0.37298924
9363,2025-01-03 10:44:22.361301,0.29354197
9367,2024-03-06 15:17:34.682177,0.31416327
9369,2025-01-06 14:18:20.627799,0.2735589
9373,2024-11-24 13:41:09.854210,0.30684087
9383,2024-09-30 07:42:26.281779,0.26518357
9395,2022-09-09 11:42:09.550148,0.37951857
9400,2024-04-03 05:53:53.157962,0.34063706
9403,2023-10-11 17:25:16.107526,0.337226
9409,2022-06-24 15:47:21.216532,0.16413763
9413,2025-02-10 07:49:31.734334,0.2590289
9415,2024-05-15 10:19:41.863456,0.34315148
9417,2024-02-07 08:14:11.908802,0.30157626
9418,2022-09-21 12:01:24.627501,0.17852943
9422,2024-11-21 22:27:47.971757,0.19572283
9426,2024-04-15 13:32:57.006382,0.31581753
9448,2023-02-16 07:15:57.524226,0.18407966
9452,2024-06-07 06:40:09.593784,0.30680266
9457,2024-08-10 05:39:22.834903,0.39862058
9465,2022-05-24 06:29:55.321514,0.33611172
9470,2022-12-12 04:31:32.330693,0.2833677
9475,2023-01-27 08:57:05.361106,0.27397746
9480,2023-03-18 09:05:27.260635,0.17843102
9487,2022-08-12 10:18:22.994189,0.17359594
9489,2024-12-12 12:43:06.778688,0.24991968
9496,2024-08-06 10:25:21.153449,0.19444163
9499,2023-03-07 10:18:18.875834,0.2297799
9503,2022-02-26 12:32:57.467460,0.36838123
9506,2022-05-05 13:06:03.425469,0.44747815
9511,2022-07-15 11:40:07.480976,0.43671274
9513,2022-06-14 06:08:11.873655,0.5027654
9514,2024-08-19 11:57:46.858708,0.29536065
9527,2022-05-27 06:52:28.895701,0.46743542
9528,2022-06-27 05:56:33.969860,0.4553802
9530,2022-05-13 14:42:29.719497,0.338124
9531,2024-02-21 12:11:45.019796,0.38924602
9534,2022-06-09 02:55:52.724662,0.47423124
9541,2024-11-21 17:45:27.200297,0.33464426
9544,2024-10-27 13:38:12.999977,0.6000671
9550,2022-10-11 10:44:37.221672,0.26550928
9563,2023-08-21 13:51:13.507228,0.4491617
9568,2022-09-20 08:39:12.898918,0.3293326
9584,2022-07-26 16:17:08.874556,0.2473961
9587,2022-07-09 10:59:32.852146,0.3212838
9590,2022-06-08 05:17:24.706405,0.5308892
9592,2022-03-20 16:07:55.671042,0.6075041
9600,2022-08-25 08:22:47.595840,0.43800715
9601,2022-06-07 10:15:37.181089,0.33094883
9602,2022-05-26 11:47:05.231601,0.39631778
9607,2024-02-05 08:38:10.723973,0.43096703
9611,2024-07-22 13:00:06.103149,0.27585703
9621,2023-05-30 06:57:00.242036,0.14577581
9627,2022-07-17 18:02:05.824670,0.1811036
9630,2024-06-10 05:50:34.427476,0.48525864
9632,2022-05-19 19:54:57.152040,0.198995
9635,2022-05-10 14:23:21.769123,0.42305163
9641,2022-08-15 04:26:21.976174,0.41933304
9646,2025-01-13 12:37:04.471852,0.8206698
9661,2023-01-21 06:24:38.438184,0.2452951
9665,2023-11-12 13:19:58.255416,0.6845312
9669,2022-06-18 12:35:46.863117,0.43873373
9672,2023-05-23 08:40:24.280501,0.24618818
9676,2024-03-08 15:15:41.969082,0.19507056
9678,2023-05-08 09:05:32.906717,0.18312341
9681,2023-03-24 10:31:20.845386,0.17453933
9699,2024-09-30 12:30:56.023732,0.2438774
9702,2024-12-12 16:33:42.244929,0.18305452
9708,2024-11-12 08:26:05.565567,0.26432014
9711,2022-06-21 14:28:13.532537,0.39907035
9712,2022-07-18 16:53:58.406102,0.37906286
9722,2024-11-14 12:39:00.624627,0.37600645
9725,2024-03-31 20:42:12.963567,0.5736756
9726,2024-11-06 09:35:38.377599,0.3088854
9728,2023-06-14 18:48:12.609876,0.3011271
9732,2024-06-21 11:57:03.692076,0.29609925
9739,2022-06-06 13:50:40.646796,0.45093018
9741,2022-09-06 04:52:33.576745,0.2806936
9746,2022-08-17 13:35:12.379458,0.42888385
9752,2022-06-14 08:33:00.833470,0.2466756
9764,2022-03-23 15:41:46.198814,0.49455404
9772,2024-09-06 16:34:38.064997,0.26809943
9775,2023-09-09 18:45:06.521955,0.25578597
9792,2022-05-25 13:13:52.788382,0.17687918
9795,2023-04-11 15:28:39.210991,0.31084144
9800,2022-05-25 04:37:04.814173,0.42562693
9804,2022-06-21 05:58:41.250647,0.42821404
9808,2023-10-11 12:49:12.464542,0.17700505
9812,2022-06-04 09:35:51.462988,0.22431919
9818,2022-06-11 11:10:19.525291,0.2680998
9819,2024-09-02 09:21:19.605422,0.34983724
9822,2023-07-16 18:33:34.387452,0.2217649
9826,2024-12-17 11:37:56.673394,0.276334
9832,2024-05-26 06:23:48.533912,0.390679
9834,2022-05-30 06:14:52.905597,0.3654081
9836,2024-01-18 07:40:53.195999,0.42027238
9843,2022-06-03 14:17:20.850872,0.38656992
9859,2022-06-22 12:29:12.451139,0.30917114
9861,2022-07-29 06:05:08.072465,0.2005157
9890,2024-08-03 09:42:59.850797,0.2708666
9893,2024-08-16 00:12:11.579712,0.25133225
9894,2023-06-07 08:17:29.687193,0.29204208
9896,2022-04-03 09:48:28.919346,0.57134086
9900,2024-06-04 07:12:10.112411,0.2313159
9902,2025-02-12 10:00:05.396525,0.397758
9903,2022-07-15 13:53:16.592236,0.5087191
9905,2022-08-23 15:38:31.223296,0.36492532
9913,2022-06-04 20:49:11.436983,0.44165874
9930,2024-12-13 09:07:14.078558,0.40525663
9936,2023-08-09 08:00:38.697509,0.22141728
9938,2024-09-04 18:17:20.229377,0.25225538
9941,2024-07-16 16:10:22.583299,0.30722448
9942,2024-11-12 16:32:11.571098,0.113154106
9945,2024-05-03 10:37:14.958732,0.20971073
9946,2022-08-15 09:20:11.124377,0.30861762
9947,2023-07-05 13:45:38.012406,0.2774727
9951,2022-09-14 09:23:59.288840,0.42747346
9956,2025-01-30 16:29:31.380116,0.24471645
9971,2022-06-28 11:38:26.891140,0.37390873
9973,2023-07-05 07:41:26.865546,0.29616457
9989,2022-05-24 08:21:56.469562,0.22468339
9990,2024-09-05 08:28:54.926047,0.23318017
9995,2022-06-13 08:59:57.722573,0.38967597
9997,2022-07-06 08:59:02.672031,0.2604063
9998,2023-03-16 09:53:44.832490,0.52649957
10000,2024-03-30 20:49:33.903428,0.3855501
10019,2023-08-17 12:04:18.523254,0.1749714
10025,2022-07-23 03:33:51.741994,0.18981008
10026,2023-02-27 16:00:26.152608,0.18497968
10033,2022-07-23 06:45:41.703215,0.32688504
10037,2024-07-20 17:26:44.001621,0.50060755
10048,2022-08-11 16:31:30.476385,0.24893147
10063,2023-03-22 08:01:13.759789,0.17003861
10064,2024-08-08 06:51:35.061626,0.43318403
10070,2022-07-29 08:18:19.119890,0.25632572
10072,2023-05-15 11:21:33.255070,0.32252505
10074,2023-04-13 20:15:36.720921,0.25536972
10076,2024-11-11 09:15:01.941217,0.2715687
10094,2022-04-26 21:37:14.079015,0.4224716
